监测点位,X,Y,Z,采样深度/m,上层深度,下层深度,样品编号,pH值,苯并(a)芘,苯并(a)蒽,苯并(b)荧蒽,"二苯并(a,h)蒽","茚并(1,2,3-c,d)芘",萘,苯,乙苯,石油烃(C10-C40),砷,数据来源,2米分层（详查）,地面高程/m
S1-JM1,3796.316,7657.852,0.2,0-0.2,0,0.2,S1-JM1-1,7.61,ND,ND,ND,ND,ND,0.61,ND,ND,/,,工作井以北,2,4.062
S1-JM1,3796.316,7657.852,1.5,1.3-1.5,1.3,1.5,S1-JM1-2,8.11,ND,ND,ND,ND,ND,0.11,ND,ND,/,,工作井以北,2,4.062
S1-JM1,3796.316,7657.852,4,3.8-4.0,3.8,4,S1-JM1-3,7.01,ND,ND,ND,ND,ND,ND,ND,ND,/,,工作井以北,4,4.062
S1-JM2,3769.726,7656.872,0.2,0-0.2,0,0.2,S1-JM2-1,8.01,ND,ND,ND,ND,ND,ND,0.0799,ND,/,,工作井以北,2,3.589
S1-JM2,3769.726,7656.872,1.5,1.3-1.5,1.3,1.5,S1-JM2-2,6.82,0.4,0.4,0.4,ND,0.3,0.11,ND,ND,/,,工作井以北,2,3.589
S1-JM2,3769.726,7656.872,4,3.8-4.0,3.8,4,S1-JM2-3,8.02,ND,ND,ND,ND,ND,ND,ND,ND,/,,工作井以北,4,3.589
S2-JM2,3702.189,7700.368,0.2,0-0.2,0,0.2,S2-JM2-1,8.14,0.3,0.2,0.4,ND,0.3,ND,ND,ND,/,,工作井以北,2,4.03
S2-JM2,3702.189,7700.368,1.5,1.3-1.5,1.3,1.5,S2-JM2-2,8.64,0.3,0.3,0.3,ND,0.2,ND,ND,ND,/,,工作井以北,2,4.03
S2-JM2,3702.189,7700.368,4,3.8-4.0,3.8,4,S2-JM2-3,8.4,ND,ND,ND,ND,ND,ND,ND,ND,/,,工作井以北,4,4.03
S3-JM1,3665.791,7712.022,0.2,0-0.2,0,0.2,S3-JM1-1,7.36,0.1,0.1,ND,ND,0.1,ND,ND,0.0574,/,,工作井以北,2,4.276
S3-JM1,3665.791,7712.022,2,1.8-2.0,1.8,2,S3-JM1-2,8.69,0.4,0.3,0.4,ND,0.2,1.98,0.675,9.76,/,,工作井以北,2,4.276
S3-JM1,3665.791,7712.022,3,2.8-3.0,2.8,3,S3-JM1-3,9.54,ND,ND,ND,ND,ND,1.75,0.248,3.51,/,,工作井以北,4,4.276
S3-JM1,3665.791,7712.022,4,3.8-4.0,3.8,4,S3-JM1-4,8.95,ND,ND,ND,ND,ND,0.71,3,6.99,/,,工作井以北,4,4.276
S3-JM1,3665.791,7712.022,6,5.8-6.0,5.8,6,S3-JM1-5,8.62,ND,ND,ND,ND,ND,ND,ND,ND,/,,工作井以北,6,4.276
S3-JM2,3660.412,7734.836,0.2,0-0.2,0,0.2,S3-JM2-1,8.26,0.2,0.2,0.3,ND,0.2,ND,ND,ND,/,,工作井以北,2,3.825
S3-JM2,3660.412,7734.836,1.5,1.3-1.5,1.3,1.5,S3-JM2-2,8.02,1.5,1.2,1.9,0.2,1.1,0.13,ND,ND,/,,工作井以北,2,3.825
S3-JM2,3660.412,7734.836,4,3.8-4.0,3.8,4,S3-JM2-3,7.97,ND,ND,ND,ND,ND,ND,ND,ND,/,,工作井以北,4,3.825
S3-JM2,3660.412,7734.836,6,5.8-6.0,5.8,6,S3-JM2-4,8.48,0.1,ND,ND,ND,ND,ND,0.0628,ND,/,,工作井以北,6,3.825
S4-JM3,3635.443,7779.231,0.2,0-0.2,0,0.2,S4-JM3-1,7.84,16,10.4,19.3,2.7,11.2,4.63,ND,ND,488,17.5,工作井以北,2,4.367
S4-JM3,3635.443,7779.231,2,1.8-2.0,1.8,2,S4-JM3-2,7.83,6.7,4.5,7.9,0.6,5.1,2.12,19,0.332,1100,13.7,工作井以北,2,4.367
S4-JM3,3635.443,7779.231,3,2.8-3.0,2.8,3,S4-JM3-3,8.55,9.4,9.5,10.3,0.5,5.2,96.9,7.93,3.34,1730,13.9,工作井以北,4,4.367
S4-JM3,3635.443,7779.231,4,3.8-4.0,3.8,4,S4-JM3-4,8.53,38.2,39.3,43.2,4.8,22.3,466,5.29,0.2,182,5.4,工作井以北,4,4.367
S4-JM3,3635.443,7779.231,6,5.8-6.0,5.8,6,S4-JM3-5,7.88,ND,ND,ND,ND,ND,ND,1.64,0.216,41,6.1,工作井以北,6,4.367
S4-JM3,3635.443,7779.231,7,6.8-7.0,6.8,7,S4-JM3-6,8.37,ND,ND,ND,ND,ND,ND,0.154,ND,ND,4.9,工作井以北,7,4.367
S4-JM3,3635.443,7779.231,8,7.8-8.0,7.8,8,S4-JM3-7,8.09,ND,ND,ND,ND,ND,ND,ND,ND,ND,3.9,工作井以北,8,4.367
S5-JM1,3600.175,7765.852,0.2,0-0.2,0,0.2,S5-JM1-1,7.75,5.4,2.6,6.4,0.6,4.9,3.04,ND,ND,239,33.3,工作井以北,2,3.876
S5-JM1,3600.175,7765.852,2,1.8-2.0,1.8,2,S5-JM1-2,8.61,3.5,3.5,3.9,0.5,2.3,9.68,2.76,0.236,157,11.1,工作井以北,2,3.876
S5-JM1,3600.175,7765.852,3,2.8-3.0,2.8,3,S5-JM1-3,9.08,12.4,11.3,14.7,1.7,7.7,103,5.36,3.18,414,30.7,工作井以北,4,3.876
S5-JM1,3600.175,7765.852,4,3.8-4.0,3.8,4,S5-JM1-4,8.52,0.1,0.1,ND,ND,0.1,0.45,0.0516,ND,36,5.8,工作井以北,4,3.876
S5-JM1,3600.175,7765.852,6,5.8-6.0,5.8,6,S5-JM1-5,8.19,0.2,0.1,0.2,ND,0.2,1.31,ND,ND,18,5.6,工作井以北,6,3.876
SS2-JM1/S1-JM3,3762.117,7681.87,0.2,0-0.2,0,0.2,SS2-JM1/S1-JM3-1,8.48,0.1,ND,ND,ND,ND,ND,ND,ND,/,,工作井以北,2,3.507
SS2-JM1/S1-JM3,3762.117,7681.87,1.5,1.3-1.5,1.3,1.5,SS2-JM1/S1-JM3-2,8.35,ND,ND,ND,ND,ND,ND,ND,ND,/,,工作井以北,2,3.507
SS2-JM1/S1-JM3,3762.117,7681.87,4,3.8-4.0,3.8,4,SS2-JM1/S1-JM3-3,7.88,ND,ND,ND,ND,ND,ND,ND,ND,/,,工作井以北,4,3.507
SS2-JM2,3735.613,7679.088,0.2,0-0.2,0,0.2,SS2-JM2-1,8.24,2.3,2.7,2,0.4,1,2.53,ND,ND,/,,工作井以北,2,3.717
SS2-JM2,3735.613,7679.088,1.5,1.3-1.5,1.3,1.5,SS2-JM2-2,7.68,ND,ND,ND,ND,ND,0.13,ND,ND,/,,工作井以北,2,3.717
SS2-JM2,3735.613,7679.088,4,3.8-4.0,3.8,4,SS2-JM2-3,8.15,ND,ND,ND,ND,ND,0.12,ND,ND,/,,工作井以北,4,3.717
SS2-JM2,3735.613,7679.088,6,5.8-6.0,5.8,6,SS2-JM2-4,8.18,ND,ND,ND,ND,ND,ND,ND,ND,/,,工作井以北,6,3.717
SS2-JM3/S2-JM1,3731.851,7707.549,0.2,0-0.2,0,0.2,SS2-JM3/S2-JM1-1,7.69,1.3,0.7,1.2,0.2,0.9,0.49,ND,ND,/,,工作井以北,2,4.076
SS2-JM3/S2-JM1,3731.851,7707.549,1.5,1.3-1.5,1.3,1.5,SS2-JM3/S2-JM1-2,8.07,0.4,0.4,0.3,ND,0.2,4.98,2.58,ND,/,,工作井以北,2,4.076
SS2-JM3/S2-JM1,3731.851,7707.549,4,3.8-4.0,3.8,4,SS2-JM3/S2-JM1-3,7.83,ND,ND,ND,ND,ND,ND,ND,ND,/,,工作井以北,4,4.076
SS4-JM1/S2-JM3,3694.133,7730.165,0.2,0-0.2,0,0.2,SS4-JM1/S2-JM3-1,7.82,0.2,0.1,0.3,ND,0.2,0.21,0.0223,ND,/,,工作井以北,2,4.253
SS4-JM1/S2-JM3,3694.133,7730.165,1.5,1.3-1.5,1.3,1.5,SS4-JM1/S2-JM3-2,8.09,3.9,1.8,3.8,0.4,3.2,0.44,0.0166,ND,/,,工作井以北,2,4.253
SS4-JM1/S2-JM3,3694.133,7730.165,2.5,2.3-2.5,2.3,2.5,SS4-JM1/S2-JM3-3,8.67,5,3.2,3.6,0.7,3.3,13.2,1.64,6.4,/,,工作井以北,4,4.253
SS4-JM1/S2-JM3,3694.133,7730.165,4,3.8-4.0,3.8,4,SS4-JM1/S2-JM3-4,7.81,ND,ND,ND,ND,ND,ND,ND,ND,/,,工作井以北,4,4.253
SS4-JM2,3671.072,7728.018,0.2,0-0.2,0,0.2,SS4-JM2-1,7.92,1.9,1.5,2.1,0.3,1.4,0.32,ND,ND,/,,工作井以北,2,3.718
SS4-JM2,3671.072,7728.018,2,1.8-2.0,1.8,2,SS4-JM2-2,8.18,2.6,2.1,2.2,0.3,1.6,0.47,0.0482,ND,/,,工作井以北,2,3.718
SS4-JM2,3671.072,7728.018,3,2.8-3.0,2.8,3,SS4-JM2-3,7.81,ND,ND,ND,ND,ND,ND,ND,ND,/,,工作井以北,4,3.718
SS4-JM2,3671.072,7728.018,4,3.8-4.0,3.8,4,SS4-JM2-4,7.76,ND,ND,ND,ND,ND,ND,ND,ND,/,,工作井以北,4,3.718
SS4-JM3,3665.597,7753.269,0.2,0-0.2,0,0.2,SS4-JM3-1,7.39,1.7,0.6,1.6,0.3,1.3,0.54,ND,ND,/,,工作井以北,2,4.138
SS4-JM3,3665.597,7753.269,1.5,1.3-1.5,1.3,1.5,SS4-JM3-2,7.66,3.8,4.1,4.5,0.2,2.4,27.2,2.03,ND,/,,工作井以北,2,4.138
SS4-JM3,3665.597,7753.269,3,2.8-3.0,2.8,3,SS4-JM3-3,7.86,4.1,4.1,4.8,0.3,2.4,39.7,0.317,0.203,/,,工作井以北,4,4.138
SS4-JM3,3665.597,7753.269,4,3.8-4.0,3.8,4,SS4-JM3-4,8.35,ND,ND,ND,ND,ND,ND,0.891,ND,/,,工作井以北,4,4.138
SS4-JM3,3665.597,7753.269,6,5.8-6.0,5.8,6,SS4-JM3-5,7.56,ND,ND,ND,ND,ND,ND,ND,ND,/,,工作井以北,6,4.138
SS4-JM3,3665.597,7753.269,7,6.8-7.0,6.8,7,SS4-JM3-6,8.35,ND,ND,ND,ND,ND,ND,ND,ND,/,,工作井以北,7,4.138
SS4-JM3,3665.597,7753.269,8,7.8-8.0,7.8,8,SS4-JM3-7,7.15,ND,ND,ND,ND,ND,ND,ND,ND,/,,工作井以北,8,4.138
SS5-JM1/S3-JM3,3638.828,7734.012,0.2,0-0.2,0,0.2,SS5-JM1/S3-JM3-1,7.03,0.5,0.4,0.5,ND,0.4,0.2,ND,ND,443,42.7,工作井以北,2,3.931
SS5-JM1/S3-JM3,3638.828,7734.012,1.5,1.3-1.5,1.3,1.5,SS5-JM1/S3-JM3-2,8.25,1,0.9,1.2,0.1,0.7,0.5,0.406,ND,2970,84.6,工作井以北,2,3.931
SS5-JM1/S3-JM3,3638.828,7734.012,3,2.8-3.0,2.8,3,SS5-JM1/S3-JM3-3,9.74,2.3,2.1,2.2,ND,1.6,3.36,0.196,0.0403,411,16.1,工作井以北,4,3.931
SS5-JM1/S3-JM3,3638.828,7734.012,6,5.8-6.0,5.8,6,SS5-JM1/S3-JM3-4,8.15,ND,ND,ND,ND,ND,ND,0.171,ND,95,7.2,工作井以北,6,3.931
SS5-JM2/S4-JM1,3636.844,7754.019,0.2,0-0.2,0,0.2,SS5-JM2/S4-JM1-1,7.75,0.1,ND,ND,ND,0.1,1.13,ND,ND,82,12.1,工作井以北,2,4.154
SS5-JM2/S4-JM1,3636.844,7754.019,1.5,1.3-1.5,1.3,1.5,SS5-JM2/S4-JM1-2,8.23,0.2,0.1,ND,ND,0.1,2.36,ND,ND,177,7.9,工作井以北,2,4.154
SS5-JM2/S4-JM1,3636.844,7754.019,2.5,2.3-2.5,2.3,2.5,SS5-JM2/S4-JM1-3,7.67,0.9,0.7,0.7,ND,0.4,21.7,5.41,11.2,245,13.3,工作井以北,4,4.154
SS5-JM2/S4-JM1,3636.844,7754.019,5,4.8-5.0,4.8,5,SS5-JM2/S4-JM1-4,7.89,ND,ND,ND,ND,ND,0.46,0.344,ND,168,6.9,工作井以北,6,4.154
SS5-JM2/S4-JM1,3636.844,7754.019,6,5.8-6.0,5.8,6,SS5-JM2/S4-JM1-5,7.88,ND,ND,ND,ND,ND,ND,0.0907,ND,46,5.5,工作井以北,6,4.154
SS5-JM2/S4-JM1,3636.844,7754.019,7,6.8-7.0,6.8,7,SS5-JM2/S4-JM1-6,7.63,ND,ND,ND,ND,ND,ND,ND,ND,ND,4.9,工作井以北,7,4.154
SS5-JM2/S4-JM1,3636.844,7754.019,8,7.8-8.0,7.8,8,SS5-JM2/S4-JM1-7,6.93,ND,ND,ND,ND,ND,ND,ND,ND,ND,5.8,工作井以北,8,4.154
SS5-JM3/S4-JM2,3613.578,7757.583,0.2,0-0.2,0,0.2,SS5-JM3/S4-JM2-1,7.23,0.7,0.7,0.4,ND,0.4,15.7,3.82,7.38,420,88.4,工作井以北,2,3.842
SS5-JM3/S4-JM2,3613.578,7757.583,1.5,1.3-1.5,1.3,1.5,SS5-JM3/S4-JM2-2,7.82,9.7,3.8,11.2,1.9,8.8,3.76,ND,ND,418,50,工作井以北,2,3.842
SS5-JM3/S4-JM2,3613.578,7757.583,2.5,2.3-2.5,2.3,2.5,SS5-JM3/S4-JM2-3,7.97,0.9,0.6,0.8,0.1,0.5,6.41,0.343,0.0832,1290,29.3,工作井以北,4,3.842
SS5-JM3/S4-JM2,3613.578,7757.583,4,3.8-4.0,3.8,4,SS5-JM3/S4-JM2-4,8.36,0.3,0.1,0.2,ND,0.2,1.61,1.49,0.319,46,5,工作井以北,4,3.842
SS5-JM3/S4-JM2,3613.578,7757.583,6,5.8-6.0,5.8,6,SS5-JM3/S4-JM2-5,8.32,ND,ND,ND,ND,ND,0.24,ND,ND,37,5.6,工作井以北,6,3.842
SS5-JM3/S4-JM2,3613.578,7757.583,7,6.8-7.0,6.8,7,SS5-JM3/S4-JM2-6,7.77,0.4,0.3,0.4,ND,0.2,3.77,0.171,0.0373,9,7.5,工作井以北,7,3.842
SS5-JM3/S4-JM2,3613.578,7757.583,8,7.8-8.0,7.8,8,SS5-JM3/S4-JM2-7,8.23,ND,ND,ND,ND,ND,0.92,0.0219,ND,14,6.9,工作井以北,8,3.842
SS6-JM1,3681.404,7775.271,0.2,0-0.2,0,0.2,SS6-JM1-1,8.44,ND,ND,ND,ND,ND,ND,0.0482,ND,/,,工作井以北,2,3.816
SS6-JM1,3681.404,7775.271,1.5,1.3-1.5,1.3,1.5,SS6-JM1-2,7.87,6.9,5.1,8.3,0.7,6.1,1.53,0.269,ND,/,,工作井以北,2,3.816
SS6-JM1,3681.404,7775.271,4,3.8-4.0,3.8,4,SS6-JM1-3,8.63,ND,ND,ND,ND,ND,0.53,0.201,ND,/,,工作井以北,4,3.816
SS6-JM1,3681.404,7775.271,6,5.8-6.0,5.8,6,SS6-JM1-4,8.13,ND,ND,ND,ND,ND,ND,ND,ND,/,,工作井以北,6,3.816
SS6-JM2,3665.194,7767.811,0.2,0-0.2,0,0.2,SS6-JM2-1,7.72,13.7,14.2,15.3,1,7.5,121,ND,ND,/,,工作井以北,2,3.931
SS6-JM2,3665.194,7767.811,2,1.8-2.0,1.8,2,SS6-JM2-2,8.26,4.4,4.1,5.1,0.3,2.7,34,1.93,0.162,/,,工作井以北,2,3.931
SS6-JM2,3665.194,7767.811,4,3.8-4.0,3.8,4,SS6-JM2-3,8.47,ND,ND,ND,ND,ND,0.21,0.352,ND,/,,工作井以北,4,3.931
SS6-JM2,3665.194,7767.811,6,5.8-6.0,5.8,6,SS6-JM2-4,8.3,ND,ND,ND,ND,ND,0.76,0.784,ND,/,,工作井以北,6,3.931
SS6-JM3,3670.455,7783.819,0.2,0-0.2,0,0.2,SS6-JM3-1,7.71,6.6,3.1,7.9,1.1,5.6,1.24,ND,ND,/,,工作井以北,2,3.695
SS6-JM3,3670.455,7783.819,2,1.8~2.0,1.8,2,SS6-JM3-2,7.95,8.3,9.5,9.5,0.9,4.5,65.2,7.46,3.93,/,,工作井以北,2,3.695
SS6-JM3,3670.455,7783.819,4,3.8-4.0,3.8,4,SS6-JM3-3,8.37,ND,ND,ND,ND,ND,1.31,3.75,0.0555,/,,工作井以北,4,3.695
SS6-JM3,3670.455,7783.819,6,5.8-6.0,5.8,6,SS6-JM3-4,8.5,ND,ND,ND,ND,ND,0.26,1.94,0.0166,/,,工作井以北,6,3.695
SS6-JM4,3678.175,7785.425,0.2,0-0.2,0,0.2,SS6-JM4-1,7.9,0.3,0.1,0.2,ND,0.2,0.17,ND,ND,/,,工作井以北,2,3.497
SS6-JM4,3678.175,7785.425,1.5,1.3-1.5,1.3,1.5,SS6-JM4-2,8.03,3.9,4.7,4.5,0.4,2.2,18.6,1.96,0.179,/,,工作井以北,2,3.497
SS6-JM4,3678.175,7785.425,3,2.8-3.0,2.8,3,SS6-JM4-3,7.84,8.2,9.7,8.9,0.9,4.8,49.9,6.18,1.91,/,,工作井以北,4,3.497
SS6-JM4,3678.175,7785.425,4,3.8-4.0,3.8,4,SS6-JM4-4,8.66,ND,ND,ND,ND,ND,0.23,2.51,0.0524,/,,工作井以北,4,3.497
SS6-JM4,3678.175,7785.425,6,5.8-6.0,5.8,6,SS6-JM4-5,8.7,ND,ND,ND,ND,ND,ND,2.97,ND,/,,工作井以北,6,3.497
SS7-JM1,3588.681,7773.641,0.2,0-0.2,0,0.2,SS7-JM1-1,7.62,1.4,0.6,1.2,0.2,0.9,0.69,ND,ND,/,,工作井以北,2,3.964
SS7-JM1,3588.681,7773.641,1.5,1.3-1.5,1.3,1.5,SS7-JM1-2,7.87,1.3,0.6,0.9,0.2,0.7,0.66,ND,ND,/,,工作井以北,2,3.964
SS7-JM1,3588.681,7773.641,2.5,2.3-2.5,2.3,2.5,SS7-JM1-3,8.37,0.4,0.4,0.3,ND,0.3,6.94,6.16,2.5,/,,工作井以北,4,3.964
SS7-JM1,3588.681,7773.641,4,3.8-4.0,3.8,4,SS7-JM1-4,8.04,ND,ND,ND,ND,ND,ND,0.0309,ND,/,,工作井以北,4,3.964
SS7-JM1,3588.681,7773.641,6,5.8-6.0,5.8,6,SS7-JM1-5,7.94,0.2,0.1,ND,ND,0.2,1.25,ND,ND,/,,工作井以北,6,3.964
SS7-JM2,3577.07,7799.865,0.2,0-0.2,0,0.2,SS7-JM2-1,7.54,7.4,4,8.4,1.4,6.4,13.1,ND,ND,324,,工作井以北,2,4.622
SS7-JM2,3577.07,7799.865,1.5,1.3-1.5,1.3,1.5,SS7-JM2-2,8.39,41.8,43.4,51.9,4.6,25.2,476,5.17,5.86,2430,,工作井以北,2,4.622
SS7-JM2,3577.07,7799.865,2.5,2.3-2.5,2.3,2.5,SS7-JM2-3,8.99,3.2,3.2,3.5,0.3,1,19.4,4.7,2.79,628,,工作井以北,4,4.622
SS7-JM2,3577.07,7799.865,5,4.8-5.0,4.8,5,SS7-JM2-4,7.51,22,22.9,24.4,2.7,13,155,5.77,10.3,1090,,工作井以北,6,4.622
SS7-JM2,3577.07,7799.865,6,5.8-6.0,5.8,6,SS7-JM2-5,8.2,ND,0.1,ND,ND,ND,0.14,0.0228,ND,10,,工作井以北,6,4.622
SS7-JM3/SS8-JM3,3600.009,7795.441,0.2,0-0.2,0,0.2,SS7-JM3/SS8-JM3-1,7.68,9.1,4.9,11.5,1.9,8.1,2.57,ND,ND,/,,工作井以北,2,4.619
SS7-JM3/SS8-JM3,3600.009,7795.441,1.5,1.3-1.5,1.3,1.5,SS7-JM3/SS8-JM3-2,9.29,30.4,30.7,36.6,4.2,18.2,330,14.5,9.04,/,,工作井以北,2,4.619
SS7-JM3/SS8-JM3,3600.009,7795.441,3,2.8-3.0,2.8,3,SS7-JM3/SS8-JM3-3,7.99,2,1.3,2.1,0.2,1.6,5.7,ND,ND,/,,工作井以北,4,4.619
SS7-JM3/SS8-JM3,3600.009,7795.441,4,3.8-4.0,3.8,4,SS7-JM3/SS8-JM3-4,8.41,0.8,0.7,0.5,ND,0.4,5.31,ND,ND,/,,工作井以北,4,4.619
SS7-JM3/SS8-JM3,3600.009,7795.441,6,5.8-6.0,5.8,6,SS7-JM3/SS8-JM3-5,8.07,ND,ND,ND,ND,ND,0.21,ND,ND,/,,工作井以北,6,4.619
SS8-JM1,3621.8848,7792.6914,0.2,0-0.2,0,0.2,SS8-JM1-1,7.9,9.9,4.6,11.9,1.9,9,5.17,ND,ND,574,23.7,工作井以北,2,4.332
SS8-JM1,3621.8848,7792.6914,1.5,1.3-1.5,1.3,1.5,SS8-JM1-2,7.8,20,18.5,23.6,2.3,12.3,128,30.2,5.62,1030,19.2,工作井以北,2,4.332
SS8-JM1,3621.8848,7792.6914,4,3.8-4.0,3.8,4,SS8-JM1-3,8.3,0.8,0.7,0.5,ND,0.4,9.1,3.73,0.175,384,6,工作井以北,4,4.332
SS8-JM1,3621.8848,7792.6914,5,4.8-5.0,4.8,5,SS8-JM1-4,8.1,0.3,0.2,ND,ND,0.2,1.99,ND,ND,167,5.9,工作井以北,6,4.332
SS8-JM1,3621.8848,7792.6914,6,5.8-6.0,5.8,6,SS8-JM1-5,8.16,ND,ND,ND,ND,ND,0.45,0.187,ND,19,5.6,工作井以北,6,4.332
SS8-JM2,3593.749,7815.162,0.2,0-0.2,0,0.2,SS8-JM2-1,7.64,0.5,0.2,0.3,ND,0.4,0.73,ND,ND,107,,工作井以北,2,4.636
SS8-JM2,3593.749,7815.162,1.5,1.3-1.5,1.3,1.5,SS8-JM2-2,7.82,0.9,0.5,0.7,0.1,0.5,0.53,0.134,ND,152,,工作井以北,2,4.636
SS8-JM2,3593.749,7815.162,2.5,2.3-2.5,2.3,2.5,SS8-JM2-3,7.91,113,120,120,14.7,69.9,1994,11.3,5.02,28600,,工作井以北,4,4.636
SS8-JM2,3593.749,7815.162,5,4.8-5.0,4.8,5,SS8-JM2-4,8.5,2.1,2.2,1.5,0.2,1,31.7,1.92,1.26,565,,工作井以北,6,4.636
SS8-JM2,3593.749,7815.162,6,5.8-6.0,5.8,6,SS8-JM2-5,8.08,0.6,0.5,0.4,ND,0.3,8.4,1.11,0.857,151,,工作井以北,6,4.636
BCJM-1,3750.962,7666.862,0.2,0-0.2,0,0.2,BCJM-1-1,10.08,0.2,0.2,0.2,ND,0.2,8.32,0.0426,0.343,/,,工作井以北,2,3.787
BCJM-1,3750.962,7666.862,1.5,1.3-1.5,1.3,1.5,BCJM-1-2,11.68,49.7,59.9,43.1,6.1,26.7,30.4,ND,ND,/,,工作井以北,2,3.787
BCJM-1,3750.962,7666.862,3,2.8-3.0,2.8,3,BCJM-1-3,8.25,1.3,2.3,1.2,0.2,0.6,0.46,ND,ND,/,,工作井以北,4,3.787
BCJM-1,3750.962,7666.862,4,3.8-4.0,3.8,4,BCJM-1-4,8.82,0.3,0.5,0.2,ND,0.2,0.13,ND,ND,/,,工作井以北,4,3.787
BCJM-1,3750.962,7666.862,6,5.8-6.0,5.8,6,BCJM-1-5,8.25,ND,ND,ND,ND,ND,ND,ND,ND,/,,工作井以北,6,3.787
BCJM-2,3727.374,7667.489,0.2,0-0.2,0,0.2,BCJM-2-1,8.63,0.7,0.6,0.6,0.1,0.4,0.11,ND,ND,/,,工作井以北,2,3.977
BCJM-2,3727.374,7667.489,1.5,1.3-1.5,1.3,1.5,BCJM-2-2,7.69,2.4,2.3,2.4,0.5,1.4,0.1,ND,ND,/,,工作井以北,2,3.977
BCJM-2,3727.374,7667.489,3,2.8-3.0,2.8,3,BCJM-2-3,7.86,0.1,0.1,ND,ND,0.1,ND,ND,ND,/,,工作井以北,4,3.977
BCJM-2,3727.374,7667.489,4,3.8-4.0,3.8,4,BCJM-2-4,8.45,ND,ND,ND,ND,ND,ND,ND,ND,/,,工作井以北,4,3.977
BCJM-2,3727.374,7667.489,6,5.8-6.0,5.8,6,BCJM-2-5,7.8,ND,ND,ND,ND,ND,ND,ND,ND,/,,工作井以北,6,3.977
BCJM-3,3711.151,7676.756,0.2,0-0.2,0,0.2,BCJM-3-1,8.12,1.4,1.2,1.1,0.2,0.8,3.56,ND,ND,/,,工作井以北,2,3.998
BCJM-3,3711.151,7676.756,2,1.8-2.0,1.8,2,BCJM-3-2,8.49,ND,ND,ND,ND,ND,ND,ND,ND,/,,工作井以北,2,3.998
BCJM-3,3711.151,7676.756,3,2.8-3.0,2.8,3,BCJM-3-3,8.43,ND,ND,ND,ND,ND,ND,ND,ND,/,,工作井以北,4,3.998
BCJM-3,3711.151,7676.756,4,3.8-4.0,3.8,4,BCJM-3-4,8.4,ND,ND,ND,ND,ND,ND,ND,ND,/,,工作井以北,4,3.998
BCJM-3,3711.151,7676.756,6,5.8-6.0,5.8,6,BCJM-3-5,7.79,ND,ND,ND,ND,ND,ND,ND,ND,/,,工作井以北,6,3.998
BCJM-4,3719.873,7691.021,0.2,0-0.2,0,0.2,BCJM-4-1,7.9,0.5,0.3,0.4,ND,0.4,0.42,1.05,ND,/,,工作井以北,2,3.868
BCJM-4,3719.873,7691.021,1.5,1.3-1.5,1.3,1.5,BCJM-4-2,7.93,0.2,0.1,ND,ND,0.1,0.11,0.047,ND,/,,工作井以北,2,3.868
BCJM-4,3719.873,7691.021,3,2.8-3.0,2.8,3,BCJM-4-3,8.52,5.8,5,4.5,0.8,3.3,32.7,0.186,0.466,/,,工作井以北,4,3.868
BCJM-4,3719.873,7691.021,4,3.8-4.0,3.8,4,BCJM-4-4,7.62,1.2,0.7,0.9,0.2,0.8,2.08,ND,ND,/,,工作井以北,4,3.868
BCJM-4,3719.873,7691.021,6,5.8-6.0,5.8,6,BCJM-4-5,8.84,ND,ND,ND,ND,ND,ND,ND,ND,/,,工作井以北,6,3.868
BCJM-5,3693.529,7690.888,0.2,0-0.2,0,0.2,BCJM-5-1,7.66,0.2,0.1,0.2,ND,0.1,0.26,ND,ND,/,,工作井以北,2,4.233
BCJM-5,3693.529,7690.888,1.5,1.3-1.5,1.3,1.5,BCJM-5-2,8.05,0.4,0.3,0.4,ND,0.3,0.12,ND,ND,/,,工作井以北,2,4.233
BCJM-5,3693.529,7690.888,3,2.8-3.0,2.8,3,BCJM-5-3,9.1,0.1,0.1,ND,ND,0.1,ND,ND,ND,/,,工作井以北,4,4.233
BCJM-5,3693.529,7690.888,4,3.8-4.0,3.8,4,BCJM-5-4,9.22,ND,ND,ND,ND,ND,ND,ND,ND,/,,工作井以北,4,4.233
BCJM-5,3693.529,7690.888,6,5.8-6.0,5.8,6,BCJM-5-5,8.89,ND,ND,ND,ND,ND,ND,ND,ND,/,,工作井以北,6,4.233
BCJM-6,3681.194,7703.45,0.2,0-0.2,0,0.2,BCJM-6-1,8.25,2.4,2.2,2.8,0.3,1.5,0.6,ND,ND,/,,工作井以北,2,4.221
BCJM-6,3681.194,7703.45,1.5,1.3-1.5,1.3,1.5,BCJM-6-2,7.66,1.1,1,1.1,0.2,0.7,0.22,ND,ND,/,,工作井以北,2,4.221
BCJM-6,3681.194,7703.45,3,2.8-3.0,2.8,3,BCJM-6-3,9.3,ND,ND,ND,ND,ND,ND,ND,ND,/,,工作井以北,4,4.221
BCJM-6,3681.194,7703.45,4,3.8-4.0,3.8,4,BCJM-6-4,8.63,ND,ND,ND,ND,ND,ND,ND,ND,/,,工作井以北,4,4.221
BCJM-6,3681.194,7703.45,6,5.8-6.0,5.8,6,BCJM-6-5,8.95,ND,ND,ND,ND,ND,ND,ND,ND,/,,工作井以北,6,4.221
BCJM-7,3650.021,7767.605,0.2,0-0.2,0,0.2,BCJM-7-1,8,15.3,8.1,18.1,3.2,13.1,7.52,0.0206,ND,498,12.2,工作井以北,2,4.249
BCJM-7,3650.021,7767.605,1.5,1.3-1.5,1.3,1.5,BCJM-7-2,7.77,5,4.6,5.5,0.3,3.4,0.95,ND,ND,837,10.2,工作井以北,2,4.249
BCJM-7,3650.021,7767.605,2.5,2.3-2.5,2.3,2.5,BCJM-7-3,8.59,50.2,54.5,56.7,4.9,27.5,731,10.2,0.311,4760,9.8,工作井以北,4,4.249
BCJM-7,3650.021,7767.605,4,3.8-4.0,3.8,4,BCJM-7-4,8.33,0.7,0.4,0.4,ND,0.3,4.45,2.83,0.15,1250,4.6,工作井以北,4,4.249
BCJM-7,3650.021,7767.605,6,5.8-6.0,5.8,6,BCJM-7-5,8.08,ND,ND,ND,ND,ND,0.28,4.85,0.269,73,5.3,工作井以北,6,4.249
BCJM-7,3650.021,7767.605,7,6.8-7.0,6.8,7,BCJM-7-6,8.25,ND,ND,ND,ND,ND,0.11,0.0136,ND,ND,6.3,工作井以北,7,4.249
BCJM-7,3650.021,7767.605,8,7.8-8.0,7.8,8,BCJM-7-7,8.43,ND,ND,ND,ND,ND,ND,ND,ND,10,4,工作井以北,8,4.249
BCJM-8,3645.645,7790.872,0.2,0-0.2,0,0.2,BCJM-8-1,8.14,14.2,7.6,17.4,2.9,13,4.97,0.0318,ND,721,16.3,工作井以北,2,4.386
BCJM-8,3645.645,7790.872,2,1.8-2.0,1.8,2,BCJM-8-2,7.78,22.9,21.5,27.1,3.1,14.6,239,0.565,ND,1590,32.7,工作井以北,2,4.386
BCJM-8,3645.645,7790.872,3,2.8-3.0,2.8,3,BCJM-8-3,8.19,8.8,7.9,10.1,1.3,6.1,46.5,30.4,19.4,2960,14,工作井以北,4,4.386
BCJM-8,3645.645,7790.872,4,3.8-4.0,3.8,4,BCJM-8-4,9.36,77.2,75.8,81.6,8.4,44,1374,49.3,20.8,3430,14.2,工作井以北,4,4.386
BCJM-8,3645.645,7790.872,6,5.8-6.0,5.8,6,BCJM-8-5,8.4,2.3,2.2,1.4,0.2,0.9,29.2,1.55,0.0172,175,4.5,工作井以北,6,4.386
BCJM-8,3645.645,7790.872,7,6.8-7.0,6.8,7,BCJM-8-6,7.34,ND,ND,ND,ND,ND,ND,0.0108,ND,21,4.2,工作井以北,7,4.386
BCJM-8,3645.645,7790.872,8,7.8-8.0,7.8,8,BCJM-8-7,7.33,ND,ND,ND,ND,ND,0.18,ND,ND,ND,4.3,工作井以北,8,4.386
BCJM-9,3569.538,7787.769,0.2,0-0.2,0,0.2,BCJM-9-1,7.68,8.8,5.8,10.5,1.6,8,5.88,0.299,ND,/,,工作井以北,2,4.357
BCJM-9,3569.538,7787.769,2,1.8-2.0,1.8,2,BCJM-9-2,8.06,1.5,0.4,0.9,0.2,1.1,0.89,3.38,0.414,/,,工作井以北,2,4.357
BCJM-9,3569.538,7787.769,2.5,2.3-2.5,2.3,2.5,BCJM-9-3,8.16,0.3,0.2,0.3,ND,0.2,1.13,1.59,0.21,/,,工作井以北,4,4.357
BCJM-9,3569.538,7787.769,4,3.8-4.0,3.8,4,BCJM-9-4,7.76,ND,ND,ND,ND,ND,0.74,0.0413,ND,/,,工作井以北,4,4.357
BCJM-9,3569.538,7787.769,6,5.8-6.0,5.8,6,BCJM-9-5,8.13,ND,ND,ND,ND,ND,0.13,0.0082,ND,/,,工作井以北,6,4.357
BCJM-10,3558.512,7800.989,0.2,0-0.2,0,0.2,BCJM-10-1,8.15,2.1,1,1.8,0.2,1.3,0.77,ND,ND,/,,工作井以北,2,4.733
BCJM-10,3558.512,7800.989,2,1.8-2.0,1.8,2,BCJM-10-2,9.99,13.6,15.1,13.8,1.7,8.1,13.1,0.02,ND,/,,工作井以北,2,4.733
BCJM-10,3558.512,7800.989,3,2.8-3.0,2.8,3,BCJM-10-3,8.34,1.9,1.8,1.5,ND,1,7.09,0.134,0.459,/,,工作井以北,4,4.733
BCJM-10,3558.512,7800.989,4,3.8-4.0,3.8,4,BCJM-10-4,8.34,ND,ND,ND,ND,ND,0.16,ND,ND,/,,工作井以北,4,4.733
BCJM-10,3558.512,7800.989,6,5.8-6.0,5.8,6,BCJM-10-5,7.96,ND,ND,ND,ND,ND,0.43,ND,ND,/,,工作井以北,6,4.733
BCJM-11,3575.199,7824.532,0.2,0-0.2,0,0.2,BCJM-11-1,8.11,0.2,0.1,ND,ND,0.2,0.12,ND,ND,122,,工作井以北,2,5.34
BCJM-11,3575.199,7824.532,2,1.8-2.0,1.8,2,BCJM-11-2,9.14,0.3,0.2,0.3,ND,0.2,0.27,0.0108,ND,85,,工作井以北,2,5.34
BCJM-11,3575.199,7824.532,4,3.8-4.0,3.8,4,BCJM-11-3,7.89,0.3,0.8,0.4,ND,0.1,1.66,0.0797,0.314,154,,工作井以北,4,5.34
BCJM-11,3575.199,7824.532,5,4.8-5.0,4.8,5,BCJM-11-4,8.1,ND,ND,ND,ND,ND,1.43,0.159,0.284,157,,工作井以北,6,5.34
BCJM-11,3575.199,7824.532,6,5.8-6.0,5.8,6,BCJM-11-5,8.33,ND,ND,ND,ND,ND,ND,0.25,ND,58,,工作井以北,6,5.34
BCJM-12,3551.156,7821.589,0.2,0-0.2,0,0.2,BCJM-12-1,8.14,2.6,1.3,2.3,0.3,1.9,0.47,ND,ND,/,,工作井以北,2,4.762
BCJM-12,3551.156,7821.589,1.5,1.3-1.5,1.3,1.5,BCJM-12-2,8.36,0.4,0.3,0.3,ND,0.3,0.14,ND,ND,/,,工作井以北,2,4.762
BCJM-12,3551.156,7821.589,2.5,2.3-2.5,2.3,2.5,BCJM-12-3,9.04,2,2,2,0.2,0.9,9.27,0.0396,0.215,/,,工作井以北,4,4.762
BCJM-12,3551.156,7821.589,4,3.8-4.0,3.8,4,BCJM-12-4,8.27,1.1,1.4,0.8,ND,0.5,8.77,0.0433,0.213,/,,工作井以北,4,4.762
BCJM-12,3551.156,7821.589,6,5.8-6.0,5.8,6,BCJM-12-5,8.06,0.3,0.3,0.3,ND,0.2,0.71,0.0245,0.132,/,,工作井以北,6,4.762
BCJM-13,3556.672,7837.789,0.2,0-0.2,0,0.2,BCJM-13-1,8.18,0.3,0.2,0.4,ND,0.3,ND,ND,ND,/,,工作井以北,2,4.816
BCJM-13,3556.672,7837.789,2,1.8-2.0,1.8,2,BCJM-13-2,9.33,0.5,0.4,0.5,ND,0.3,0.48,ND,ND,/,,工作井以北,2,4.816
BCJM-13,3556.672,7837.789,3,2.8-3.0,2.8,3,BCJM-13-3,8.6,1,1.1,0.6,ND,0.4,0.31,ND,ND,/,,工作井以北,4,4.816
BCJM-13,3556.672,7837.789,4,3.8-4.0,3.8,4,BCJM-13-4,8.11,0.5,0.2,0.6,0.1,0.7,0.13,ND,ND,/,,工作井以北,4,4.816
BCJM-13,3556.672,7837.789,6,5.8-6.0,5.8,6,BCJM-13-5,7.95,ND,ND,ND,ND,ND,0.32,ND,ND,/,,工作井以北,6,4.816
BCJM-14,3629.9669,7803.7871,0.2,0-0.2,0,0.2,BCJM-14-1,8.14,19.6,13.2,19.7,3.6,16.3,4.06,0.421,ND,298,14.8,工作井以北,2,4.556
BCJM-14,3629.9669,7803.7871,1.5,1.3-1.5,1.3,1.5,BCJM-14-2,8.83,4.6,4.1,4.9,0.6,3.1,22,2.48,2.16,164,12.9,工作井以北,2,4.556
BCJM-14,3629.9669,7803.7871,2.5,2.3-2.5,2.3,2.5,BCJM-14-3,8.18,11,9.8,11.9,1,7.3,38,3.29,2.58,873,6,工作井以北,4,4.556
BCJM-14,3629.9669,7803.7871,4,3.8-4.0,3.8,4,BCJM-14-4,8.38,1.1,1.3,1.3,0.2,0.8,11.5,1.92,2.2,63,5.4,工作井以北,4,4.556
BCJM-14,3629.9669,7803.7871,6,5.8-6.0,5.8,6,BCJM-14-5,8.43,ND,ND,ND,ND,ND,ND,1.56,0.739,63,6,工作井以北,6,4.556
BCJM-14,3629.9669,7803.7871,7,6.8-7.0,6.8,7,BCJM-14-6,7.37,0.1,0.2,ND,ND,0.1,5.52,1.03,0.445,224,4.5,工作井以北,7,4.556
BCJM-14,3629.9669,7803.7871,8,7.8-8.0,7.8,8,BCJM-14-7,8.24,ND,ND,ND,ND,ND,0.86,0.405,0.231,17,5.6,工作井以北,8,4.556
BCJM-15,3650.916,7747.841,0.2,0-0.2,0,0.2,BCJM-15-1,7.83,3.4,2.3,3.4,0.6,2.7,0.63,0.0088,ND,38,9.6,工作井以北,2,4.104
BCJM-15,3650.916,7747.841,2,1.8-2.0,1.8,2,BCJM-15-2,7.76,0.2,0.2,0.3,ND,0.2,ND,0.133,ND,506,7.6,工作井以北,2,4.104
BCJM-15,3650.916,7747.841,3,2.8-3.0,2.8,3,BCJM-15-3,8.81,0.2,ND,ND,ND,0.2,0.17,0.109,ND,41,8.1,工作井以北,4,4.104
BCJM-15,3650.916,7747.841,4,3.8-4.0,3.8,4,BCJM-15-4,7.87,0.2,0.1,0.2,ND,0.3,ND,0.0253,ND,27,6.9,工作井以北,4,4.104
BCJM-15,3650.916,7747.841,6,5.8-6.0,5.8,6,BCJM-15-5,8.05,ND,ND,ND,ND,ND,ND,0.606,ND,23,5.1,工作井以北,6,4.104
BCJM-16,3532.248,7838.283,0.2,0-0.2,0,0.2,BCJM-16-1,8.29,0.2,ND,0.2,ND,0.2,0.11,ND,ND,/,,工作井以北,2,4.677
BCJM-16,3532.248,7838.283,1.5,1.3-1.5,1.3,1.5,BCJM-16-2,8.32,0.5,0.3,0.6,0.1,0.8,0.61,ND,ND,/,,工作井以北,2,4.677
BCJM-16,3532.248,7838.283,3,2.8-3.0,2.8,3,BCJM-16-3,8.98,ND,ND,ND,ND,0.1,ND,ND,ND,/,,工作井以北,4,4.677
BCJM-16,3532.248,7838.283,4,3.8-4.0,3.8,4,BCJM-16-4,7.69,ND,ND,ND,ND,ND,ND,ND,ND,/,,工作井以北,4,4.677
BCJM-16,3532.248,7838.283,6,5.8-6.0,5.8,6,BCJM-16-5,8.32,ND,ND,ND,ND,ND,0.81,ND,ND,/,,工作井以北,6,4.677
BCJM-17,3539.531,7848.676,0.2,0-0.2,0,0.2,BCJM-17-1,8.52,0.3,0.2,0.4,0.1,0.5,0.14,ND,ND,/,,工作井以北,2,4.704
BCJM-17,3539.531,7848.676,2,1.8-2.0,1.8,2,BCJM-17-2,9.89,ND,ND,ND,ND,ND,1.11,ND,ND,/,,工作井以北,2,4.704
BCJM-17,3539.531,7848.676,2.5,2.3-2.5,2.3,2.5,BCJM-17-3,9.48,0.1,ND,ND,ND,0.1,2.84,0.0421,ND,/,,工作井以北,4,4.704
BCJM-17,3539.531,7848.676,4,3.8-4.0,3.8,4,BCJM-17-4,8.3,ND,ND,ND,ND,ND,ND,0.0158,ND,/,,工作井以北,4,4.704
BCJM-17,3539.531,7848.676,6,5.8-6.0,5.8,6,BCJM-17-5,8.39,ND,ND,ND,ND,ND,0.37,ND,ND,/,,工作井以北,6,4.704
BCJM-18,3785.778,7642.044,0.2,0-0.2,0,0.2,BCJM-18-1,8.25,0.6,0.3,0.8,0.2,1,1.17,ND,ND,/,,工作井以北,2,3.641
BCJM-18,3785.778,7642.044,1.5,1.3-1.5,1.3,1.5,BCJM-18-2,8.02,0.2,0.1,0.3,0.1,0.3,0.71,ND,ND,/,,工作井以北,2,3.641
BCJM-18,3785.778,7642.044,3,2.8-3.0,2.8,3,BCJM-18-3,8.05,0.3,0.2,0.4,ND,0.3,3.72,0.0264,ND,/,,工作井以北,4,3.641
BCJM-18,3785.778,7642.044,4,3.8-4.0,3.8,4,BCJM-18-4,8.28,0.1,ND,ND,ND,0.1,0.52,ND,ND,/,,工作井以北,4,3.641
BCJM-18,3785.778,7642.044,6,5.8-6.0,5.8,6,BCJM-18-5,7.71,0.1,ND,ND,ND,0.1,1.41,ND,ND,/,,工作井以北,6,3.641
BCJM-19,3659.7683,7781.9607,0.2,0-0.2,0,0.2,BCJM-19-1,8.09,9.7,6,12.1,2.9,8.1,49.9,ND,ND,603,31.8,工作井以北,2,3.8934
BCJM-19,3659.7683,7781.9607,1.5,1.3-1.5,1.3,1.5,BCJM-19-2,8.13,17.6,20.4,24.7,4.1,10.4,222,0.129,0.368,3480,14.1,工作井以北,2,3.8934
BCJM-19,3659.7683,7781.9607,3,2.8-3.0,2.8,3,BCJM-19-3,7.74,4.9,6.2,5.3,1.3,3,104,4.73,2.35,739,18.9,工作井以北,4,3.8934
BCJM-19,3659.7683,7781.9607,4,3.8-4.0,3.8,4,BCJM-19-4,8.03,3.9,5.5,3.8,0.7,2.2,36.2,3.6,0.282,539,6.8,工作井以北,4,3.8934
BCJM-19,3659.7683,7781.9607,6,5.8-6.0,5.8,6,BCJM-19-5,7.87,ND,ND,ND,ND,ND,0.39,2.31,0.263,59,5.6,工作井以北,6,3.8934
BCJM-19,3659.7683,7781.9607,7,6.8-7.0,6.8,7,BCJM-19-6,8.53,ND,ND,ND,ND,ND,ND,0.199,0.0182,8,4.3,工作井以北,7,3.8934
BCJM-19,3659.7683,7781.9607,8,7.8-8.0,7.8,8,BCJM-19-7,8.04,ND,ND,ND,ND,ND,0.55,0.205,ND,ND,6.1,工作井以北,8,3.8934
BCJM-20,3621.3098,7769.9204,0.2,0-0.2,0,0.2,BCJM-20-1,7.28,48.7,14.8,53.2,5,16.9,9.91,ND,ND,1140,19.5,工作井以北,2,4.3449
BCJM-20,3621.3098,7769.9204,1.5,1.3-1.5,1.3,1.5,BCJM-20-2,8.04,11.8,14,14.8,2.7,7,134,ND,ND,2830,29.7,工作井以北,2,4.3449
BCJM-20,3621.3098,7769.9204,3,2.8-3.0,2.8,3,BCJM-20-3,7.84,44.8,18.9,50.1,4.2,10.4,595,5.93,0.239,1230,26,工作井以北,4,4.3449
BCJM-20,3621.3098,7769.9204,4,3.8-4.0,3.8,4,BCJM-20-4,8.06,1.7,1.9,2.1,0.2,0.9,13.8,5.4,1.15,134,6.6,工作井以北,4,4.3449
BCJM-20,3621.3098,7769.9204,6,5.8-6.0,5.8,6,BCJM-20-5,8.4,0.2,0.2,0.2,ND,0.1,7.14,6.02,1.45,286,7.6,工作井以北,6,4.3449
BCJM-20,3621.3098,7769.9204,7,6.8-7.0,6.8,7,BCJM-20-6,8.18,ND,ND,ND,ND,ND,1.8,2.21,0.709,47,4.3,工作井以北,7,4.3449
BCJM-20,3621.3098,7769.9204,8,7.8-8.0,7.8,8,BCJM-20-7,8.34,ND,ND,ND,ND,ND,ND,0.191,0.0138,ND,6.2,工作井以北,8,4.3449
BCJM-20,3621.3098,7769.9204,11,10.8-11.0,10.8,11,BCJM-20-8,7.64,ND,ND,ND,ND,ND,2.27,0.0862,ND,26,6.5,工作井以北,8,4.3449
BCJM-20,3621.3098,7769.9204,14,13.8-14.0,13.8,14,BCJM-20-9,8.65,ND,ND,ND,ND,ND,0.17,ND,ND,ND,5.7,工作井以北,8,4.3449
SS1,3747.362,7651.654,0.2,0-0.2,0,0.2,SS1-1,6.61,0.9,1.4,0.9,0.1,0.6,1.04,ND,ND,215,19.6,工作井以北,2,4.59
SS1,3747.362,7651.654,1,0.8-1.0,0.8,1,SS1-2,6.45,0.4,0.5,0.4,ND,0.2,0.32,ND,ND,60,33,工作井以北,2,4.59
SS1,3747.362,7651.654,3,2.8-3.0,2.8,3,SS1-3,7.43,ND,ND,ND,ND,ND,ND,ND,ND,36,7.3,工作井以北,4,4.59
SS1,3747.362,7651.654,6,5.8-6.0,5.8,6,SS1-4,7.85,ND,ND,ND,ND,ND,ND,ND,ND,19,4.6,工作井以北,6,4.59
SS2,3748.834,7694.606,0.2,0-0.2,0,0.2,SS2-1,7.18,4.3,2.3,3.8,0.5,2.4,3.72,ND,ND,705,22.2,工作井以北,2,4.254
SS2,3748.834,7694.606,1.5,1.3-1.5,1.3,1.5,SS2-2,7.53,0.3,0.4,0.3,ND,0.2,20.3,0.0773,0.27,513,11.1,工作井以北,2,4.254
SS2,3748.834,7694.606,3,2.8-3.0,2.8,3,SS2-3,7.9,ND,ND,ND,ND,ND,0.1,ND,ND,25,9.1,工作井以北,4,4.254
SS2,3748.834,7694.606,6,5.8-6.0,5.8,6,SS2-4,7.52,ND,ND,ND,ND,ND,ND,ND,ND,168,5,工作井以北,6,4.254
SS3,3688.433,7711.63,0.2,0-0.2,0,0.2,SS3-1,7.53,0.8,0.7,0.7,0.2,0.5,0.64,ND,ND,183,28.6,工作井以北,2,4.714
SS3,3688.433,7711.63,1.5,1.3-1.5,1.3,1.5,SS3-2,7.41,0.7,0.7,0.6,0.1,0.5,9.61,ND,ND,812,42,工作井以北,2,4.714
SS3,3688.433,7711.63,3,2.8-3.0,2.8,3,SS3-3,8.42,ND,0.1,ND,ND,ND,ND,0.0179,0.0518,24,15.4,工作井以北,4,4.714
SS3,3688.433,7711.63,5,4.8-5.0,4.8,5,SS3-4,8.09,0.3,0.2,0.2,ND,0.2,18.7,3.37,7.39,905,5.4,工作井以北,6,4.714
SS3,3688.433,7711.63,6,5.8-6.0,5.8,6,SS3-5,8.23,0.2,ND,ND,ND,0.2,0.6,0.316,1.2,229,5.9,工作井以北,6,4.714
SS4,3679.947,7741.587,0.2,0-0.2,0,0.2,SS4-1,7.29,3.5,2.2,2.9,0.7,3.7,0.27,ND,ND,16,21.4,工作井以北,2,4.697
SS4,3679.947,7741.587,1,0.8-1.0,0.8,1,SS4-2,8.61,0.6,0.7,0.6,0.1,0.5,2.21,0.0973,0.102,12,23.7,工作井以北,2,4.697
SS4,3679.947,7741.587,2,1.8-2.0,1.8,2,SS4-3,7.89,0.1,0.2,ND,ND,ND,28.4,0.15,0.0427,12,10,工作井以北,2,4.697
SS4,3679.947,7741.587,6,5.8-6.0,5.8,6,SS4-4,7.64,ND,ND,ND,ND,ND,ND,ND,ND,20,4.6,工作井以北,6,4.697
SS5,3622.42,7744.864,0.2,0-0.2,0,0.2,SS5-1,3.24,0.1,0.2,ND,ND,ND,20.4,ND,ND,831,143,工作井以北,2,4.95
SS5,3622.42,7744.864,1,0.8-1.0,0.8,1,SS5-2,3.57,13.4,10,12.2,2.3,10.8,7.66,ND,ND,1010,95.7,工作井以北,2,4.95
SS5,3622.42,7744.864,3,2.8-3.0,2.8,3,SS5-3,8.26,1.6,2.2,1.8,0.4,1.4,31.4,0.132,ND,292,265,工作井以北,4,4.95
SS5,3622.42,7744.864,6,5.8-6.0,5.8,6,SS5-4,8.41,ND,ND,ND,ND,ND,0.09,ND,ND,67,7.1,工作井以北,6,4.95
SS5-ZJM,3622.42,7744.864,7,6.8-7.0,6.8,7,SS5-ZJM-1,8.89,ND,ND,ND,ND,ND,0.33,0.0786,0.473,/,4.2,工作井以北,7,4.942
SS5-ZJM,3622.42,7744.864,11,10.8-11.0,10.8,11,SS5-ZJM-2,8.76,ND,ND,ND,ND,ND,0.21,ND,ND,/,4.8,工作井以北,8,4.942
SS5-ZJM,3622.42,7744.864,14,13.8-14.0,13.8,14,SS5-ZJM-3,9.11,ND,ND,ND,ND,ND,ND,ND,ND,ND,7,工作井以北,8,4.942
SS6,3675.127,7781.497,0.2,0-0.2,0,0.2,SS6-1,7.65,10.9,5.2,9,1.8,8.1,2.11,ND,ND,710,12.6,工作井以北,2,4.299
SS6,3675.127,7781.497,1.5,1.3-1.5,1.3,1.5,SS6-2,7.86,3.2,4.4,3.4,0.5,2,15.5,0.26,0.173,126,19.9,工作井以北,2,4.299
SS6,3675.127,7781.497,3,2.8-3.0,2.8,3,SS6-3,8.25,ND,ND,ND,ND,ND,0.47,0.683,0.109,237,6.7,工作井以北,4,4.299
SS6,3675.127,7781.497,6,5.8-6.0,5.8,6,SS6-4,8.52,ND,ND,ND,ND,ND,ND,0.625,ND,14,5.1,工作井以北,6,4.299
SS7,3590.997,7786.697,0.2,0-0.2,0,0.2,SS7-1,7.32,2.4,1.4,2.4,0.6,2.6,1.58,0.0106,ND,239,18.3,工作井以北,2,5.177
SS7,3590.997,7786.697,1.5,1.3-1.5,1.3,1.5,SS7-2,7.55,23.4,30.5,22.7,3,13.9,219,1.05,1.8,302,29.8,工作井以北,2,5.177
SS7,3590.997,7786.697,2,1.8-2.0,1.8,2,SS7-3,9.3,0.3,0.4,0.3,ND,0.2,6.43,6.48,0.131,125,12.7,工作井以北,2,5.177
SS7-ZJM,3590.997,7786.697,4,3.8-4.0,3.8,4,SS7-ZJM-1,8.37,1.2,1.4,0.9,ND,0.5,24.4,0.057,3.96,/,,工作井以北,4,4.606
SS7,3590.997,7786.697,6,5.8-6.0,5.8,6,SS7-4,8.01,ND,ND,ND,ND,ND,ND,ND,ND,46,5.1,工作井以北,6,5.177
SS8,3611.607,7804.304,0.2,0-0.2,0,0.2,SS8-1,7.26,19,5.3,18.5,2.9,18.3,2.01,0.0109,ND,446,10.6,工作井以北,2,5.145
SS8,3611.607,7804.304,1,0.8-1.0,0.8,1,SS8-2,7.76,9.1,2.2,6.6,1.7,7.5,0.99,ND,ND,984,11.5,工作井以北,2,5.145
SS8,3611.607,7804.304,2,1.8-2.0,1.8,2,SS8-3,8.95,ND,ND,ND,ND,ND,ND,8.53,1.79,95,9.2,工作井以北,2,5.145
SS8,3611.607,7804.304,3,2.8-3.0,2.8,3,SS8-4,8.45,3.2,4.2,3.2,0.5,1.8,29.2,3.86,0.663,957,10.6,工作井以北,4,5.145
SS8-ZJM,3611.607,7804.304,4,3.8-4.0,3.8,4,SS8-ZJM-1,7.61,3,2.8,3,0.3,1.9,67.2,0.0565,4.2,646,,工作井以北,4,4.638
SS8,3611.607,7804.304,6,5.8-6.0,5.8,6,SS8-5,8.15,0.1,ND,ND,ND,ND,4.7,0.422,0.42,59,5,工作井以北,6,5.145
SS9,3558.589,7812.209,0.2,0-0.2,0,0.2,SS9-1,7.54,ND,ND,ND,ND,ND,ND,ND,ND,417,13.4,工作井以北,2,4.916
SS9,3558.589,7812.209,1.5,1.3-1.5,1.3,1.5,SS9-2,8.89,ND,ND,ND,ND,ND,ND,ND,ND,230,13.4,工作井以北,2,4.916
SS9,3558.589,7812.209,4,3.8-4.0,3.8,4,SS9-3,8.46,0.2,0.1,ND,ND,ND,2.65,0.123,0.185,15,13.4,工作井以北,4,4.916
SS9,3558.589,7812.209,6,5.8-6.0,5.8,6,SS9-4,7.54,ND,ND,ND,ND,ND,ND,ND,ND,19,6.3,工作井以北,6,4.916
SS10,3583.549,7865.916,0.2,0-0.2,0,0.2,SS10-1,8.56,0.3,0.4,0.3,ND,0.2,0.24,0.0097,ND,100,9.2,工作井以北,2,6.341
SS10,3583.549,7865.916,1.5,1.3-1.5,1.3,1.5,SS10-2,7.9,0.2,0.1,ND,ND,0.1,ND,ND,ND,111,10.6,工作井以北,2,6.341
SS10,3583.549,7865.916,3,2.8-3.0,2.8,3,SS10-3,8.46,0.2,0.2,0.2,ND,0.1,0.19,ND,ND,121,7.8,工作井以北,4,6.341
SS10,3583.549,7865.916,6,5.8-6.0,5.8,6,SS10-4,7.95,ND,ND,ND,ND,ND,ND,ND,ND,10,7.5,工作井以北,6,6.341
SS11,3522.291,7844.909,0.2,0-0.2,0,0.2,SS11-1,7.93,0.2,0.2,ND,ND,0.1,ND,ND,ND,40,6.8,工作井以北,2,5.331
SS11,3522.291,7844.909,1.5,1.3-1.5,1.3,1.5,SS11-2,8.36,ND,ND,ND,ND,ND,ND,ND,ND,115,7.2,工作井以北,2,5.331
SS11,3522.291,7844.909,2.5,2.3-2.5,2.3,2.5,SS11-3,8.45,0.5,0.6,0.4,ND,0.3,0.6,ND,ND,128,6.5,工作井以北,4,5.331
SS11,3522.291,7844.909,6,5.8-6.0,5.8,6,SS11-4,7.95,ND,ND,ND,ND,ND,ND,ND,ND,16,4.6,工作井以北,6,5.331
S1,3779.82879,7668.44865,0.2,0-0.2,0,0.2,S1-1,7.63,1.9,1.6,2.1,0.3,1,0.37,0.847,ND,427,6.5,工作井以北,2,4.39235
S1,3779.82879,7668.44865,1,0.8-1.0,0.8,1,S1-2,9.41,0.3,0.2,0.3,ND,0.2,0.27,ND,ND,240,14.7,工作井以北,2,4.39235
S1,3779.82879,7668.44865,2,1.8-2.0,1.8,2,S1-3,7.97,0.3,0.2,0.3,ND,0.2,ND,0.132,ND,37,4.5,工作井以北,2,4.39235
S1,3779.82879,7668.44865,4,3.8-4.0,3.8,4,S1-4,7.75,ND,ND,ND,ND,ND,ND,0.0182,ND,15,9.7,工作井以北,4,4.39235
S1,3779.82879,7668.44865,6,5.8-6.0,5.8,6,S1-5,8.54,ND,ND,ND,ND,ND,ND,ND,ND,7,3.3,工作井以北,6,4.39235
S2,3712.73357,7716.48221,0.2,0-0.2,0,0.2,S2-1,7.68,0.1,ND,ND,ND,0.2,ND,ND,ND,1420,15.2,工作井以北,2,4.49126
S2,3712.73357,7716.48221,1,0.8-1.0,0.8,1,S2-2,7.23,0.7,0.7,0.8,0.1,0.5,1.02,0.0255,ND,602,16.2,工作井以北,2,4.49126
S2,3712.73357,7716.48221,2,1.8-2.0,1.8,2,S2-3,8.26,2.9,2.6,3.3,0.8,2.1,13.4,0.213,0.119,205,6.6,工作井以北,2,4.49126
S2-ZJM,3712.757,7716.478,4,3.8-4.0,3.8,4,S2-ZJM-1,7.03,ND,ND,ND,ND,ND,0.42,0.0283,ND,/,,工作井以北,4,3.718
S2,3712.73357,7716.48221,6,5.8-6.0,5.8,6,S2-4,8.05,ND,ND,ND,ND,ND,ND,ND,ND,14,4.4,工作井以北,6,4.49126
S3,3651.03548,7721.6469,0.2,0-0.2,0,0.2,S3-1,7.86,0.8,0.6,1,0.2,0.7,0.14,ND,ND,201,21.9,工作井以北,2,5.0264
S3,3651.03548,7721.6469,1,0.8-1.0,0.8,1,S3-2,7.73,15.6,16.3,17.1,2.3,8.6,0.69,ND,ND,333,40.8,工作井以北,2,5.0264
S3,3651.03548,7721.6469,2,1.8-2.0,1.8,2,S3-3,7.86,ND,ND,ND,ND,ND,ND,ND,ND,22,6.9,工作井以北,2,5.0264
S3-ZJM,3651.181,7721.147,4,3.8-4.0,3.8,4,S3-ZJM-1,7.68,ND,ND,ND,ND,ND,ND,0.0239,ND,/,,工作井以北,4,4.091
S3,3651.03548,7721.6469,6,5.8-6.0,5.8,6,S3-4,9.46,ND,ND,ND,ND,ND,ND,0.0224,ND,24,10.4,工作井以北,6,5.0264
S4,3621.03573,7765.71711,0.2,0-0.2,0,0.2,S4-1,7.72,32.9,23.9,22.3,4.2,18.7,15.7,ND,ND,7420,18.2,工作井以北,2,5.32452
S4,3621.03573,7765.71711,1,0.8-1.0,0.8,1,S4-2,8.36,34.2,30.8,27.4,4.7,20.5,445,16.8,7.67,15100,111,工作井以北,2,5.32452
S4,3621.03573,7765.71711,2,1.8-2.0,1.8,2,S4-3,7.47,24.9,19.6,23,4,15.9,441,51.4,10.6,11100,22.4,工作井以北,2,5.32452
S4,3621.03573,7765.71711,5,4.8-5.0,4.8,5,S4-4,8.7,0.8,0.9,0.8,0.1,0.5,14.8,125,33.1,201,10.4,工作井以北,6,5.32452
S4,3621.03573,7765.71711,6,5.8-6.0,5.8,6,S4-5,8.86,ND,ND,ND,ND,ND,1.44,0.69,ND,56,5.1,工作井以北,6,5.32452
S5,3607.86801,7778.1681,0.2,0-0.2,0,0.2,S5-1,7.72,5.7,2.3,5.7,1.2,4.8,0.84,ND,ND,601,12.9,工作井以北,2,5.41858
S5,3607.86801,7778.1681,1.5,1.3-1.5,1.3,1.5,S5-2,7.32,8.1,1.9,7.7,1.5,5.9,2.49,3.15,7.22,1250,10.8,工作井以北,2,5.41858
S5,3607.86801,7778.1681,2,1.8-2.0,1.8,2,S5-3,8.97,0.3,0.3,0.3,ND,0.2,2.18,8.42,4.18,2790,7.1,工作井以北,2,5.41858
S5-ZJM,3607.681,7778.253,4,3.8-4.0,3.8,4,S5-ZJM-1,8.44,6.3,6.3,7.3,0.6,3.8,176,63,17.9,1010,5.9,工作井以北,4,4.559
S5,3607.86801,7778.1681,6,5.8-6.0,5.8,6,S5-4,8.24,ND,ND,ND,ND,ND,0.14,ND,ND,46,5.8,工作井以北,6,5.41858
S5-ZJM,3607.681,7778.253,7,6.8-7.0,6.8,7,S5-ZJM-2,7.88,2.9,4.1,2.9,0.7,1.7,18.2,0.327,0.0476,ND,5.9,工作井以北,7,4.559
S5-ZJM,3607.681,7778.253,8,7.8-8.0,7.8,8,S5-ZJM-3,8.26,0.2,0.2,ND,ND,0.1,2.29,0.0398,ND,7,6,工作井以北,8,4.559
S1-JM1,3796.316,7657.852,0.2,0-0.2,0,0.2,,7.61,ND,ND,ND,ND,ND,0.61,ND,ND,/,,工作井以北,2,
S1-JM1,3796.316,7657.852,1.5,1.3-1.5,1.3,1.5,,8.11,ND,ND,ND,ND,ND,0.11,ND,ND,/,,工作井以北,2,
S1-JM1,3796.316,7657.852,4,3.8-4.0,3.8,4,,7.01,ND,ND,ND,ND,ND,ND,ND,ND,/,,工作井以北,4,
S1-JM2,3769.726,7656.872,0.2,0-0.2,0,0.2,,8.01,ND,ND,ND,ND,ND,ND,0.0799,ND,/,,工作井以北,2,
S1-JM2,3769.726,7656.872,1.5,1.3-1.5,1.3,1.5,,6.82,0.4,0.4,0.4,ND,0.3,0.11,ND,ND,/,,工作井以北,2,
JM(M-S10)1,3617.603,7733.889,0.5,0-0.5,0,0.5,,/,8.9,23.1,4.9,0.7,2,15.6,/,/,/,169,工作井以北,2,
JM(M-S10)1,3617.603,7733.889,1.5,1.0-1.5,1,1.5,,/,0.8,0.9,1,ND,0.3,4.34,/,/,/,231,工作井以北,2,
JM(M-S10)1,3617.603,7733.889,4,3.5-4.0,3.5,4,,/,/,/,/,/,/,/,/,/,/,216,工作井以北,4,
JM(M-S10)1,3617.603,7733.889,6,5.5-6.0,5.5,6,,/,/,/,/,/,/,/,/,/,/,83.9,工作井以北,6,
JM(M-S10)1,3617.603,7733.889,8,7.5-8.0,7.5,8,,/,/,/,/,/,/,/,/,/,/,23.4,工作井以北,8,
JM2(S24),3606.898,7716.598,0.5,0-0.5,0,0.5,,/,0.2,0.4,0.3,0.1,0.4,1.31,0.1,/,/,529,工作井以北,2,
JM2(S24),3606.898,7716.598,1.5,1.0-1.5,1,1.5,,/,0.2,0.3,ND,ND,0.1,10.2,3.45,/,/,791,工作井以北,2,
JM2(S24),3606.898,7716.598,4,3.5-4.0,3.5,4,,/,0.4,0.8,0.5,0.1,0.3,3.23,3.77,/,/,1021,工作井以北,4,
JM2(S24),3606.898,7716.598,6,5.5-6.0,5.5,6,,/,ND,ND,ND,ND,ND,4.47,2.98,/,/,91.4,工作井以北,6,
JM2(S24),3606.898,7716.598,8,7.5-8.0,7.5,8,,/,/,/,/,/,/,/,/,/,/,6.59,工作井以北,8,
M-S10(MW3),3603.7451,7744.8732,0.2,0-0.2,0,0.2,,4.32,3,2.5,5.9,2.33,4.1,2.26,0.578,ND,476,327,工作井以北,2,
M-S10(MW3),3603.7451,7744.8732,1.5,1.0-1.5,1,1.5,,9.1,ND,ND,ND,ND,ND,11.5,2.75,0.142,463,95.5,工作井以北,2,
M-S10(MW3),3603.7451,7744.8732,4,3.5-4.0,3.5,4,,8.66,ND,ND,ND,ND,ND,2.63,3.19,ND,77,428,工作井以北,4,
M-S10(MW3),3603.7451,7744.8732,6,5.5-6.0,5.5,6,,/,/,/,/,/,/,/,/,/,/,80.7,工作井以北,6,
M-S10(MW3),3603.7451,7744.8732,8,7.5-8.0,7.5,8,,/,/,/,/,/,/,/,/,/,/,23.4,工作井以北,8,
JM(M-S10)4,3592.7604,7731.0155,0.5,0-0.5,0,0.5,,/,12.9,38.9,13.8,ND,ND,124,0.0908,/,/,388,工作井以北,2,
JM(M-S10)4,3592.7604,7731.0155,1.5,1.0-1.5,1,1.5,,/,1,2.6,1.3,ND,0.4,315,ND,/,/,290,工作井以北,2,
JM(M-S10)4,3592.7604,7731.0155,4,3.5-4.0,3.5,4,,/,/,/,/,/,/,/,ND,/,/,40.2,工作井以北,4,
JM(M-S10)4,3592.7604,7731.0155,6,5.5-6.0,5.5,6,,/,/,/,/,/,/,/,/,/,/,9.12,工作井以北,6,
JM(M-S10)3,3590.0557,7753.1854,0.5,0-0.5,0,0.5,,/,13.8,9.9,17.6,2,5.5,2.62,1.45,/,/,88.9,工作井以北,2,
JM(M-S10)3,3590.0557,7753.1854,1.5,1.0-1.5,1,1.5,,/,7.2,11.2,7.4,ND,ND,346,31.1,/,/,68.1,工作井以北,2,
JM(M-S10)3,3590.0557,7753.1854,4,3.5-4.0,3.5,4,,/,0.6,1.1,0.6,ND,0.2,25.2,10.4,/,/,111,工作井以北,4,
JM(M-S10)3,3590.0557,7753.1854,6,5.5-6.0,5.5,6,,/,/,/,/,/,/,/,/,/,/,16,工作井以北,6,
JM2(S26),3579.6461,7736.2494,0.5,0-0.5,0,0.5,,/,4.4,3.7,5.1,2.1,9.1,5.93,0.2,/,/,28.7,工作井以北,2,
JM2(S26),3579.6461,7736.2494,1.5,1.0-1.5,1,1.5,,/,0.6,0.6,0.7,ND,0.9,76.9,8.74,/,/,53,工作井以北,2,
JM2(S26),3579.6461,7736.2494,4,3.5-4.0,3.5,4,,/,ND,ND,ND,ND,ND,ND,1.37,/,/,5.41,工作井以北,4,
R2-S1,3580.5327,7759.8192,0.2,0-0.2,0,0.2,,8.22,31.7,20.3,37.9,5.18,17.3,16.8,1.09,0.0408,407,31.3,工作井以北,2,
R2-S1,3580.5327,7759.8192,1.5,1.0-1.5,1,1.5,,8.03,1.6,2,2.1,0.33,0.9,39.3,26.9,2.57,715,4.71,工作井以北,2,
R2-S1,3580.5327,7759.8192,4,3.5-4.0,3.5,4,,8.7,1.3,1.6,1.5,0.16,0.5,15.4,0.278,0.185,249,6,工作井以北,4,
JM(R2-S1)4,3567.9898,7748.2583,0.5,0-0.5,0,0.5,,/,ND,ND,ND,ND,ND,0.85,12.8,/,/,25.6,工作井以北,2,
JM(R2-S1)4,3567.9898,7748.2583,1.5,1.0-1.5,1,1.5,,/,ND,ND,ND,ND,ND,1.05,5.78,/,/,29,工作井以北,2,
JM(R2-S1)4,3567.9898,7748.2583,4,3.5-4.0,3.5,4,,/,5,6,5.4,0.8,2.2,30.6,13.8,/,/,5.87,工作井以北,4,
JM(R2-S1)4,3567.9898,7748.2583,6,5.5-6.0,5.5,6,,/,ND,ND,ND,ND,ND,ND,0.697,/,/,1,工作井以北,6,
JM(R2-S1)3,3570.9849,7766.3224,0.5,0-0.5,0,0.5,,/,3.4,5.7,3.6,0.5,1.2,77.2,1.09,/,/,,工作井以北,2,
JM(R2-S1)3,3570.9849,7766.3224,1.5,1.0-1.5,1,1.5,,/,0.7,1.1,1,ND,0.3,28.3,3.4,/,/,,工作井以北,2,
JM(R2-S1)3,3570.9849,7766.3224,4,3.5-4.0,3.5,4,,/,0.2,0.3,0.2,ND,ND,11.8,2.8,/,/,,工作井以北,4,
JM(E-S1)2,3569.5676,7785.8073,0.5,0-0.5,0,0.5,,/,4.9,2.9,6.6,ND,3.8,2.14,/,/,/,,工作井以北,2,
JM(E-S1)2,3569.5676,7785.8073,1.5,1.0-1.5,1,1.5,,/,7.2,4,9.2,ND,4.9,3.85,/,/,/,,工作井以北,2,
JM(E-S1)2,3569.5676,7785.8073,4,3.5-4.0,3.5,4,,/,ND,ND,ND,ND,ND,ND,/,/,/,,工作井以北,4,
E-S1,3559.9383,7773.6595,0.2,0-0.2,0,0.2,,8.37,6.7,4.7,7.7,1.26,4.2,2.19,0.447,ND,586,12.6,工作井以北,2,
E-S1,3559.9383,7773.6595,1.5,1.0-1.5,1,1.5,,8.54,ND,ND,ND,ND,ND,ND,ND,ND,51,5.27,工作井以北,2,
E-S1,3559.9383,7773.6595,4,3.5-4.0,3.5,4,,8.63,ND,ND,ND,ND,ND,0.27,0.938,ND,31,5.6,工作井以北,4,
JM(E-S1)4,3546.5365,7762.7074,0.5,0-0.5,0,0.5,,/,76.3,61.8,48,4.6,24.7,64.7,ND,/,/,,工作井以北,2,
JM(E-S1)4,3546.5365,7762.7074,1.5,1.0-1.5,1,1.5,,/,0.5,0.5,0.4,ND,0.2,0.77,ND,/,/,,工作井以北,2,
JM(E-S1)4,3546.5365,7762.7074,4,3.5-4.0,3.5,4,,/,ND,ND,ND,ND,ND,ND,/,/,/,,工作井以北,4,
JM2(S26),3579.6461,7736.2494,0.5,0-0.5,0,0.5,,/,4.4,3.7,5.1,2.1,9.1,5.93,0.2,/,/,28.7,工作井以北,2,
JM2(S26),3579.6461,7736.2494,1.5,1.0-1.5,1,1.5,,/,0.6,0.6,0.7,ND,0.9,76.9,8.74,/,/,53,工作井以北,2,
JM2(S26),3579.6461,7736.2494,4,3.5-4.0,3.5,4,,/,ND,ND,ND,ND,ND,ND,1.37,/,/,5.41,工作井以北,4,
JM(E-S1)3,3547.7738,7783.2677,0.5,0-0.5,0,0.5,,/,ND,ND,ND,ND,ND,ND,/,/,/,,工作井以北,2,
JM(E-S1)3,3547.7738,7783.2677,1.5,1.0-1.5,1,1.5,,/,ND,ND,ND,ND,ND,0.22,/,/,/,,工作井以北,2,
JM2(S30),3533.0117,7775.3852,0.5,0-0.5,0,0.5,,/,2.5,4.1,3.5,0.6,1.6,ND,/,/,/,,工作井以北,2,
JM2(S30),3533.0117,7775.3852,1.5,1.0-1.5,1,1.5,,/,13.8,24.4,14,2.5,7.5,4.49,/,/,/,,工作井以北,2,
JM2(S30),3533.0117,7775.3852,4,3.5-4.0,3.5,4,,/,ND,ND,ND,ND,ND,ND,/,/,/,,工作井以北,4,
JM2(S30),3533.0117,7775.3852,6,5.5-6.0,5.5,6,,/,ND,ND,ND,ND,ND,ND,/,/,/,,工作井以北,6,
JM3(S8),3546.4672,7806.8301,0.5,0-0.5,0,0.5,,/,1.1,1.3,1.3,0.2,0.7,0.28,/,/,/,,工作井以北,2,
JM3(S8),3546.4672,7806.8301,1.5,1.0-1.5,1,1.5,,/,1.8,2.4,2.7,0.4,1.1,10.2,/,/,/,,工作井以北,2,
JM3(S8),3546.4672,7806.8301,4,3.5-4.0,3.5,4,,/,ND,ND,ND,ND,ND,0.52,/,/,/,,工作井以北,4,
JM3(S8),3546.4672,7806.8301,6,5.5-6.0,5.5,6,,/,ND,ND,ND,ND,ND,ND,/,/,/,,工作井以北,6,
JM(E-S4)1,3535.6093,7792.8759,0.5,0-0.5,0,0.5,,/,0.5,0.8,0.5,0.1,0.4,0.23,/,/,/,,工作井以北,2,
JM(E-S4)1,3535.6093,7792.8759,1.5,1.0-1.5,1,1.5,,/,ND,ND,ND,ND,ND,12,/,/,/,,工作井以北,2,
JM(E-S4)1,3535.6093,7792.8759,4,3.5-4.0,3.5,4,,/,1.256387723,2.8,1.5,0.2,0.7,51.16687823,/,/,/,,工作井以北,4,
JM2(S28),3558.3008,7797.2316,0.5,0-0.5,0,0.5,,/,1.4,3.1,1.9,0.3,0.8,ND,0.0589,/,/,,工作井以北,2,
JM2(S28),3558.3008,7797.2316,1.5,1.0-1.5,1,1.5,,/,2.9,4.2,2.9,0.4,1.5,0.84,0.0505,/,/,,工作井以北,2,
JM2(S28),3558.3008,7797.2316,4,3.5-4.0,3.5,4,,/,ND,ND,ND,ND,ND,ND,/,/,/,,工作井以北,4,
JM(E-S1)3,3547.7738,7783.2677,0.5,0-0.5,0,0.5,,/,ND,ND,ND,ND,ND,ND,/,/,/,,工作井以北,2,
JM(E-S1)3,3547.7738,7783.2677,1.5,1.0-1.5,1,1.5,,/,ND,ND,ND,ND,ND,0.22,/,/,/,,工作井以北,2,
JM2(S30),3533.0117,7775.3852,0.5,0-0.5,0,0.5,,/,2.5,4.1,3.5,0.6,1.6,ND,/,/,/,,工作井以北,2,
JM2(S30),3533.0117,7775.3852,1.5,1.0-1.5,1,1.5,,/,13.8,24.4,14,2.5,7.5,4.49,/,/,/,,工作井以北,2,
JM2(S30),3533.0117,7775.3852,4,3.5-4.0,3.5,4,,/,ND,ND,ND,ND,ND,ND,/,/,/,,工作井以北,4,
JM2(S30),3533.0117,7775.3852,6,5.5-6.0,5.5,6,,/,ND,ND,ND,ND,ND,ND,/,/,/,,工作井以北,6,
JM(E-S4)2,3533.348,7812.428,0.5,0-0.5,0,0.5,,/,0.2,0.4,0.3,ND,0.2,0.33,/,/,/,,工作井以北,2,
JM(E-S4)2,3533.348,7812.428,1.5,1.0-1.5,1,1.5,,/,0.3,0.6,0.4,0.1,0.2,1.16,/,/,/,,工作井以北,2,
JM(E-S4)2,3533.348,7812.428,4,3.5-4.0,3.5,4,,/,ND,0.2,ND,ND,ND,0.1,/,/,/,,工作井以北,4,
E-S4 ,3524.7026,7801.5213,0.2,0-0.2,0,0.2,,8.22,2.7,2.4,3.5,0.48,1.6,0.42,ND,ND,259,12.9,工作井以北,2,
E-S4 ,3524.7026,7801.5213,1.2,1.0-1.2,1,1.2,,8.46,2.1,1.9,1.7,0.26,0.8,4.57,ND,0.0733,297,13.8,工作井以北,2,
E-S4 ,3524.7026,7801.5213,4,3.5-4.0,3.5,4,,/,1.9,3.3,1.5,0.3,1.2,34.9,/,/,/,,工作井以北,4,
E-S4 ,3524.7026,7801.5213,5,4.5-5,4.5,5,,8.72,ND,ND,ND,ND,ND,ND,ND,0.0658,26,7.7,工作井以北,6,
JM(E-S4)3,3514.0672,7810.4983,0.5,0-0.5,0,0.5,,/,ND,ND,ND,ND,ND,0.78,/,/,/,,工作井以北,2,
JM(E-S4)3,3514.0672,7810.4983,1.5,1.0-1.5,1,1.5,,/,ND,ND,ND,ND,ND,0.29,/,/,/,,工作井以北,2,
JM(E-S4)3,3514.0672,7810.4983,4,3.5-4.0,3.5,4,,/,ND,ND,ND,ND,ND,0.39,/,/,/,,工作井以北,4,
JM2(S34),3516.8411,7827.4924,0.5,0-0.5,0,0.5,,/,0.3,0.3,0.4,ND,0.2,ND,/,/,/,,工作井以北,2,
JM2(S34),3516.8411,7827.4924,1.5,1.0-1.5,1,1.5,,/,0.6,1.1,1.1,0.2,0.7,1.37,/,/,/,,工作井以北,2,
JM(E-S8)1,3503.3198,7819.8512,0.5,0-0.5,0,0.5,,/,ND,ND,ND,ND,ND,0.12,/,/,/,,工作井以北,2,
JM(E-S8)1,3503.3198,7819.8512,1.5,1.0-1.5,1,1.5,,/,0.5,0.5,1.6,0.2,0.9,ND,/,/,/,,工作井以北,2,
E-S8,3492.7088,7829.2609,0.2,0-0.2,0,0.2,,8.5,2.2,1.7,3,0.49,1.4,1.25,ND,0.103,265,26.4,工作井以北,2,
E-S8,3492.7088,7829.2609,1,0.5-1,0.5,1,,8.41,0.5,0.5,0.6,0.16,0.5,1.17,ND,0.0594,345,30.7,工作井以北,2,
E-S8,3492.7088,7829.2609,5,4.5-5,4.5,5,,8.72,ND,ND,ND,ND,ND,ND,ND,ND,39,7.71,工作井以北,6,
JM(E-S8)2,3501.5186,7840.375,0.5,0-0.5,0,0.5,,/,0.3,0.2,0.4,ND,0.2,0.21,/,/,/,,工作井以北,2,
JM(E-S8)2,3501.5186,7840.375,1.5,1.0-1.5,1,1.5,,/,25.3,14.3,14.1,2.7,12.3,1364,/,/,/,,工作井以北,2,
JM(E-S8)2,3501.5186,7840.375,4,3.5-4.0,3.5,4,,/,ND,ND,ND,ND,ND,ND,/,/,/,,工作井以北,4,
JM(E-S8)3,3481.5947,7838.0707,0.5,0-0.5,0,0.5,,/,19.7,11.1,13,2.2,10.1,1071,/,/,/,,工作井以北,2,
JM(E-S8)3,3481.5947,7838.0707,1.5,1.0-1.5,1,1.5,,/,0.8,0.6,0.7,0.1,0.4,0.18,/,/,/,,工作井以北,2,
JM2(S38),3491.0048,7851.0269,0.5,0-0.5,0,0.5,,/,19.5,24.5,14.6,2.9,11.4,38.1,/,/,/,,工作井以北,2,
JM2(S38),3491.0048,7851.0269,1.5,1.0-1.5,1,1.5,,/,0.4,0.6,0.5,ND,0.3,0.23,/,/,/,,工作井以北,2,
JM2(S20),3620.0118,7702.9495,0.5,0-0.5,0,0.5,,/,1.1,1.2,1.2,0.3,0.9,0.48,0.852,/,/,176,工作井以北,2,
JM2(S20),3620.0118,7702.9495,1.5,1.0-1.5,1,1.5,,/,0.5,1.1,0.6,0.2,0.4,30.5,3.29,/,/,18.5,工作井以北,2,
JM2(S20),3620.0118,7702.9495,4,3.5-4.0,3.5,4,,/,ND,ND,ND,ND,ND,39,13.2,/,/,7.67,工作井以北,4,
JM2(S20),3620.0118,7702.9495,6,5.5-6.0,5.5,6,,/,ND,ND,ND,ND,ND,0.13,1.88,/,/,4.94,工作井以北,6,
JM2(S16),3631.4438,7718.1368,0.5,0-0.5,0,0.5,,/,1.1,2.7,1.9,0.4,1.1,0.65,ND,/,/,47.9,工作井以北,2,
JM2(S16),3631.4438,7718.1368,1.5,1.0-1.5,1,1.5,,/,ND,ND,ND,ND,ND,ND,ND,/,/,24.9,工作井以北,2,
JM2(S16),3631.4438,7718.1368,4,3.5-4.0,3.5,4,,/,ND,ND,ND,ND,ND,ND,ND,/,/,29.1,工作井以北,4,
JM2(S16),3631.4438,7718.1368,6,5.5-6.0,5.5,6,,/,ND,ND,ND,ND,ND,ND,ND,/,/,27.8,工作井以北,6,
M-S5,3635.0731,7698.4312,0.2,0-0.2,0,0.2,,8.34,ND,ND,ND,ND,ND,0.12,0.141,ND,39,18.4,工作井以北,2,
M-S5,3635.0731,7698.4312,2,1.5-2.0,1.5,2,,10.5,ND,ND,ND,ND,ND,ND,2.07,ND,40,9.05,工作井以北,2,
M-S5,3635.0731,7698.4312,4,3.5-4.0,3.5,4,,10.83,ND,ND,ND,ND,ND,0.78,0.852,ND,57,6.12,工作井以北,4,
JM2(S15),3637.6564,7684.5203,0.5,0-0.5,0,0.5,,/,0.3,0.5,0.4,ND,0.2,0.68,0.88,0.136,/,,工作井以北,2,
JM2(S15),3637.6564,7684.5203,1.5,1.0-1.5,1,1.5,,/,0.7,1.2,1.1,ND,0.4,0.96,0.194,ND,/,,工作井以北,2,
JM2(S13),3650.69413,7700.10947,0.5,0-0.5,0,0.5,,/,0.2,0.3,0.3,ND,0.1,1.13,/,/,/,,工作井以北,2,
JM2(S13),3650.69413,7700.10947,1.5,1.0-1.5,1,1.5,,/,0.1,0.2,0.2,ND,0.1,0.68,/,/,/,,工作井以北,2,
JM2(S10),3666.0164,7709.8765,0.5,0-0.5,0,0.5,,/,ND,ND,ND,ND,ND,0.21,/,/,/,,工作井以北,2,
JM2(S10),3666.0164,7709.8765,1.5,1.0-1.5,1,1.5,,/,ND,ND,ND,ND,ND,14.8,/,/,/,,工作井以北,2,
JM2(S11),3655.98785,7680.87585,0.5,0-0.5,0,0.5,,/,ND,ND,ND,ND,ND,0.64,0.381,0.211,/,,工作井以北,2,
JM2(S11),3655.98785,7680.87585,1.5,1.0-1.5,1,1.5,,/,ND,0.2,ND,ND,ND,0.62,0.533,0.977,/,,工作井以北,2,
JM(R1-S3)3,3662.8219,7692.3596,0.5,0-0.5,0,0.5,,/,42.46652665,41.7587512,33.61933359,ND,20.17160016,170.6918446,/,/,/,,工作井以北,2,
JM(R1-S3)3,3662.8219,7692.3596,1.5,1.0-1.5,1,1.5,,/,ND,ND,ND,ND,ND,0.764482212,/,/,/,,工作井以北,2,
JM(R1-S3)3,3662.8219,7692.3596,4,3.5-4.0,3.5,4,,/,0.9,0.9,0.6,0.1,0.2,29.6,/,/,/,,工作井以北,4,
JM(R1-S3)3,3662.8219,7692.3596,6,5.5-6.0,5.5,6,,/,ND,ND,ND,ND,ND,1.18,/,/,/,,工作井以北,6,
JM(R1-S3)2,3679.1284,7698.0792,0.5,0-0.5,0,0.5,,/,ND,ND,ND,ND,ND,0.9,/,/,/,,工作井以北,2,
JM(R1-S3)2,3679.1284,7698.0792,1.5,1.0-1.5,1,1.5,,/,ND,ND,ND,ND,ND,0.23,/,/,/,,工作井以北,2,
JM(R1-S3)2,3679.1284,7698.0792,4,3.5-4.0,3.5,4,,/,ND,ND,ND,ND,ND,0.3,/,/,/,,工作井以北,4,
JM(R1-S3)2,3679.1284,7698.0792,6,5.5-6.0,5.5,6,,/,ND,ND,ND,ND,ND,ND,/,/,/,,工作井以北,6,
R1-S3,3432.6017,7716.0326,0.2,0-0.2,0,0.2,,8.5,29.4,14.1,19.1,4.19,8.7,8.09,0.203,0.0895,643,15.9,工作井以北,2,
R1-S3,3432.6017,7716.0326,1,0.5-1.0,0.5,1,,8.45,ND,ND,ND,ND,ND,ND,ND,ND,130,9.55,工作井以北,2,
R1-S3,3432.6017,7716.0326,4,3.5-4.0,3.5,4,,8.57,16.5,11.2,9.8,2.1,8.7,167,0.126,14.6,480,7.7,工作井以北,4,
R1-S3,3432.6017,7716.0326,5,4.5-5.0,4.5,5,,/,ND,ND,ND,ND,ND,0.24,/,/,/,,工作井以北,6,
R1-S3,3432.6017,7716.0326,6,5.5-6.0,5.5,6,,/,ND,ND,ND,ND,ND,ND,/,/,/,,工作井以北,6,
JM(R1-S2)2,3635.4422,7659.9441,0.5,0-0.5,0,0.5,,/,ND,ND,ND,ND,ND,ND,0.782,ND,/,,工作井以北,2,
JM(R1-S2)2,3635.4422,7659.9441,1.5,1.0-1.5,1,1.5,,/,1.2,1.5,1.5,ND,0.4,ND,1.07,182,/,,工作井以北,2,
JM(R1-S2)2,3635.4422,7659.9441,4,3.5-4.0,3.5,4,,/,ND,ND,ND,ND,ND,217,65.7,26.8,/,,工作井以北,4,
JM(R1-S2)2,3635.4422,7659.9441,6,5.5-6.0,5.5,6,,/,ND,ND,ND,ND,ND,ND,ND,ND,/,,工作井以北,6,
JM(W-S16)3,3649.8341,7666.7303,0.5,0-0.5,0,0.5,,/,/,/,/,/,/,/,2.23,1.16,/,,工作井以北,2,
JM(W-S16)3,3649.8341,7666.7303,1.5,1.0-1.5,1,1.5,,/,/,/,/,/,/,/,2.21,0.828,/,,工作井以北,2,
JM(W-S16)3,3649.8341,7666.7303,4,3.5-4.0,3.5,4,,/,/,/,/,/,/,/,139,51.2,/,,工作井以北,4,
JM(W-S16)3,3649.8341,7666.7303,6,5.5-6.0,5.5,6,,/,/,/,/,/,/,/,6.34,1.89,/,,工作井以北,6,
JM(W-S16)3,3649.8341,7666.7303,8,7.5-8.0,7.5,8,,/,/,/,/,/,/,/,ND,/,/,,工作井以北,8,
JM2(S12),3644.48998,7652.15969,0.5,0-0.5,0,0.5,,/,0.2,0.3,0.4,ND,0.2,1.92,ND,ND,/,,工作井以北,2,
JM2(S12),3644.48998,7652.15969,1.5,1.0-1.5,1,1.5,,/,4.2,10,6.4,1.2,2.6,2.99,ND,ND,/,,工作井以北,2,
JM2(S12),3644.48998,7652.15969,4,3.5-4.0,3.5,4,,/,ND,ND,ND,ND,ND,ND,/,/,/,,工作井以北,4,
JM(W-S16)4,3656.9027,7647.9459,0.5,0-0.5,0,0.5,,/,/,/,/,/,/,/,ND,ND,/,,工作井以北,2,
JM(W-S16)4,3656.9027,7647.9459,1.5,1.0-1.5,1,1.5,,/,/,/,/,/,/,/,1.04,4.15,/,,工作井以北,2,
JM(W-S16)4,3656.9027,7647.9459,4,3.5-4.0,3.5,4,,/,/,/,/,/,/,/,2.4,4.09,/,,工作井以北,4,
JM(W-S16)4,3656.9027,7647.9459,6,5.5-6.0,5.5,6,,/,/,/,/,/,/,/,ND,ND,/,,工作井以北,6,
JM(W-S16)2,3668.2489,7673.9911,0.5,0-0.5,0,0.5,,/,0.6,0.6,0.8,ND,0.3,0.49,ND,ND,/,,工作井以北,2,
JM(W-S16)2,3668.2489,7673.9911,1.5,1.0-1.5,1,1.5,,/,1.605708273,1.91979437,2.162755899,0.325466028,0.68507185,0.38634866,ND,ND,/,,工作井以北,2,
JM(W-S16)2,3668.2489,7673.9911,4,3.5-4.0,3.5,4,,/,ND,ND,ND,ND,ND,ND,ND,ND,/,,工作井以北,4,
JM(W-S16)2,3668.2489,7673.9911,6,5.5-6.0,5.5,6,,/,ND,ND,ND,ND,ND,ND,ND,ND,/,,工作井以北,6,
W-S16 (W-MW4),3662.866,7661.5568,0.2,0-0.2,0,0.2,,8.33,0.4,0.3,0.4,0.13,0.3,0.43,0.0994,ND,265,15.5,工作井以北,2,
W-S16 (W-MW4),3662.866,7661.5568,1,0.5-1.0,0.5,1,,9.08,ND,ND,ND,ND,ND,7.85,5.01,20.5,360,7.93,工作井以北,2,
W-S16 (W-MW4),3662.866,7661.5568,3.5,3.0-3.5,3,3.5,,9.07,0.1,0.2,ND,ND,ND,4.89,6.73,36.2,157,5.35,工作井以北,4,
W-S16 (W-MW4),3662.866,7661.5568,4,3.5-4.0,3.5,4,,/,/,/,/,/,/,/,10.1,ND,/,,工作井以北,4,
W-S16 (W-MW4),3662.866,7661.5568,6,5.5-6.0,5.5,6,,/,/,/,/,/,/,/,0.2,2.11,/,,工作井以北,6,
JM(R1-S3)1,3685.1702,7680.3777,0.5,0-0.5,0,0.5,,/,0.3,0.4,0.4,ND,0.4,1.09,/,/,/,,工作井以北,2,
JM(R1-S3)1,3685.1702,7680.3777,1.5,1.0-1.5,1,1.5,,/,0.2,0.3,0.3,ND,0.2,0.43,/,/,/,,工作井以北,2,
JM(R1-S3)1,3685.1702,7680.3777,4,3.5-4.0,3.5,4,,/,ND,ND,ND,ND,ND,0.18,/,/,/,,工作井以北,4,
JM(R1-S3)1,3685.1702,7680.3777,6,5.5-6.0,5.5,6,,/,ND,ND,ND,ND,ND,ND,/,/,/,,工作井以北,6,
JM2(S7),3681.488,7668.7303,0.5,0-0.5,0,0.5,,/,ND,ND,ND,ND,ND,0.55,/,/,/,,工作井以北,2,
JM2(S7),3681.488,7668.7303,1.5,1.0-1.5,1,1.5,,/,2.6,6.4,3.6,0.6,1.7,6.07,/,/,/,,工作井以北,2,
JM2(S7),3681.488,7668.7303,4,3.5-4.0,3.5,4,,/,0.56438954,0.787738007,0.777038679,ND,0.308274381,ND,/,/,/,,工作井以北,4,
JM(W-S16)1,3676.1004,7656.337,0.5,0-0.5,0,0.5,,/,/,/,/,/,/,/,ND,ND,/,,工作井以北,2,
JM(W-S16)1,3676.1004,7656.337,1.5,1.0-1.5,1,1.5,,/,/,/,/,/,/,/,ND,ND,/,,工作井以北,2,
JM(W-S16)1,3676.1004,7656.337,4,3.5-4.0,3.5,4,,/,/,/,/,/,/,/,ND,ND,/,,工作井以北,4,
JM(W-S16)1,3676.1004,7656.337,6,5.5-6.0,5.5,6,,/,/,/,/,/,/,/,ND,ND,/,,工作井以北,6,
W-S15,3695.8259,7672.1508,0.5,0-0.5,0,0.5,,8.55,1.2,1.2,1.6,0.29,0.6,0.44,0.101,ND,94,15.3,工作井以北,2,
W-S15,3695.8259,7672.1508,1.5,1.0-1.5,1,1.5,,8.94,0.3,0.4,0.5,0.08,0.2,0.25,0.34,0.0785,182,10,工作井以北,2,
W-S15,3695.8259,7672.1508,4,3.5-4.0,3.5,4,,8.8,ND,ND,ND,ND,ND,ND,ND,ND,46,6.71,工作井以北,4,
JM3(S1),3692.9413,7660.5129,0.5,0-0.5,0,0.5,,/,ND,ND,ND,ND,ND,ND,/,/,/,,工作井以北,2,
JM3(S1),3692.9413,7660.5129,1.5,1.0-1.5,1,1.5,,/,ND,ND,ND,ND,ND,ND,/,/,/,,工作井以北,2,
W-S10,3727.7818,7639.2362,0.2,0-0.2,0,0.2,,8.5,0.2,0.1,0.2,ND,ND,ND,ND,ND,147,9.86,工作井以北,2,
W-S10,3727.7818,7639.2362,1.5,1.0-1.5,1,1.5,,8.68,ND,ND,ND,ND,ND,ND,ND,ND,60,14.4,工作井以北,2,
W-S10,3727.7818,7639.2362,5,4.5-5.0,4.5,5,,9.06,ND,ND,ND,ND,ND,ND,ND,ND,50,4.04,工作井以北,6,
W-S5,3749.2015,7613.8257,0.2,0-0.2,0,0.2,,8.49,ND,ND,ND,ND,ND,ND,ND,ND,193,14.2,工作井以北,2,
W-S5,3749.2015,7613.8257,1,0.5-1.0,0.5,1,,8.69,ND,ND,ND,ND,ND,ND,ND,ND,429,7.21,工作井以北,2,
W-S5,3749.2015,7613.8257,5,4.5-5.0,4.5,5,,8.77,ND,ND,ND,ND,ND,ND,ND,ND,47,8.11,工作井以北,6,
E-S1,3559.9383,7773.6595,0.2,0.2,0,0.2,,8.37,6.7,4.7,7.7,1.26,4.2,2.19,0.45,<0.0012,586,12.6,煤气厂,,
E-S1,3559.9383,7773.6595,1.5,1.5,1.3,1.5,,8.54,<0.1,<0.1,<0.2,<0.05,<0.1,<0.09,<0.0019,<0.0012,51,5.27,煤气厂,,
E-S1,3559.9383,7773.6595,4,4,3.8,4,,8.63,<0.1,<0.1,<0.2,<0.05,<0.1,0.27,0.94,<0.0012,31,5.6,煤气厂,,
E-S2,3475.9285,7742.795,0.2,0.2,0,0.2,,8.31,178,147,147,21.4,98,139,0.1,0.14,1770,14.7,煤气厂,,
E-S2,3475.9285,7742.795,1,1,0.8,1,,8.47,6.8,5,4,0.66,2.1,29.4,<0.0019,<0.0012,200,6.6,煤气厂,,
E-S2,3475.9285,7742.795,5,5,4.8,5,,8.63,0.2,0.1,<0.2,<0.05,<0.1,0.24,<0.0019,<0.0012,53,6.1,煤气厂,,
E-S3,3507.9557,7766.1791,0.2,0.2,0,0.2,,8.6,4.7,3.4,4.6,0.97,3.1,1.7,<0.0019,<0.0012,399,18.2,煤气厂,,
E-S3,3507.9557,7766.1791,1,1,0.8,1,,8.52,1.2,0.9,1.2,0.16,0.6,0.21,<0.0019,0.15,179,9.04,煤气厂,,
E-S3,3507.9557,7766.1791,4,4,3.8,4,,8.43,<0.1,<0.1,<0.2,<0.05,<0.1,<0.09,<0.0019,<0.0012,39,10.6,煤气厂,,
E-S4 (E-MW1),3524.7026,7801.5213,0.2,0.2,0,0.2,,8.22,2.7,2.4,3.5,0.48,1.6,0.42,<0.0019,<0.0012,259,12.9,煤气厂,,
E-S4 (E-MW1),3524.7026,7801.5213,1.2,1.2,1,1.2,,8.46,2.1,1.9,1.7,0.26,0.8,4.57,<0.0019,0.07,297,13.8,煤气厂,,
E-S4 (E-MW1),3524.7026,7801.5213,5,5,4.8,5,,8.72,<0.1,<0.1,<0.2,<0.05,<0.1,<0.09,<0.0019,0.07,26,7.7,煤气厂,,
E-S5 (E-MW2),3416.3366,7741.1964,0.2,0.2,0,0.2,,8.43,5.1,3.9,4.3,1.1,3.4,2.07,0.06,<0.0012,327,11.1,煤气厂,,
E-S5 (E-MW2),3416.3366,7741.1964,1,1,0.8,1,,8.97,5,3.6,2.9,0.42,0.5,295,0.06,5.1,693,7.45,煤气厂,,
E-S5 (E-MW2),3416.3366,7741.1964,6,6,5.8,6,,8.95,1.7,1.7,1.3,0.28,0.9,37.6,0.06,5.45,242,6.78,煤气厂,,
E-S6,3435.6147,7761.9894,0.2,0.2,0,0.2,,8.62,0.3,0.2,0.3,0.06,0.2,0.24,<0.0019,<0.0012,78,8.41,煤气厂,,
E-S6,3435.6147,7761.9894,1,1,0.8,1,,8.44,<0.1,<0.1,<0.2,<0.05,<0.1,<0.09,<0.0019,<0.0012,58,7.16,煤气厂,,
E-S6,3435.6147,7761.9894,4,4,3.8,4,,8.61,<0.1,<0.1,<0.2,<0.05,<0.1,<0.09,<0.0019,<0.0012,41,5.96,煤气厂,,
E-S7 (E-MW3),3463.0828,7791.1484,0.2,0.2,0,0.2,,8.5,24.2,15.5,24.7,3.15,12.7,10.3,0.11,<0.0012,444,17.7,煤气厂,,
E-S7 (E-MW3),3463.0828,7791.1484,1,1,0.8,1,,8.75,1.6,0.8,1.2,0.19,0.6,1.27,<0.0019,<0.0012,45,6.09,煤气厂,,
E-S7 (E-MW3),3463.0828,7791.1484,4,4,3.8,4,,8.52,<0.1,<0.1,<0.2,<0.05,<0.1,<0.09,<0.0019,<0.0012,26,6.79,煤气厂,,
E-S8,3492.7088,7829.2609,0.2,0.2,0,0.2,,8.5,2.2,1.7,3,0.49,1.4,1.25,<0.0019,0.1,265,26.4,煤气厂,,
E-S8,3492.7088,7829.2609,1,1,0.8,1,,8.41,0.5,0.5,0.6,0.16,0.5,1.17,<0.0019,0.06,345,30.7,煤气厂,,
E-S8,3492.7088,7829.2609,5,5,4.8,5,,8.72,<0.1,<0.1,<0.2,<0.05,<0.1,<0.09,<0.0019,<0.0012,39,7.71,煤气厂,,
M-S1 (M-MW1),3535.7455,7585.0891,0.2,0.2,0,0.2,,8.43,0.5,0.5,0.8,0.13,0.4,0.15,<0.0019,<0.0012,448,19.5,煤气厂,,
M-S1 (M-MW1),3535.7455,7585.0891,1,1,0.8,1,,9.06,<0.1,<0.1,<0.2,<0.05,<0.1,<0.09,<0.0019,0.08,74,10.5,煤气厂,,
M-S1 (M-MW1),3535.7455,7585.0891,5,5,4.8,5,,8.48,<0.1,<0.1,<0.2,<0.05,<0.1,<0.09,<0.0019,<0.0012,59,5.68,煤气厂,,
M-S2,3554.3632,7605.4636,0.2,0.2,0,0.2,,8.67,0.3,0.2,0.3,0.09,0.2,0.37,<0.0019,<0.0012,58,9.67,煤气厂,,
M-S2,3554.3632,7605.4636,1.5,1.5,1.3,1.5,,8.38,0.3,0.3,0.5,0.1,0.2,0.6,<0.0019,<0.0012,55,17.4,煤气厂,,
M-S2,3554.3632,7605.4636,5,5,4.8,5,,8.71,<0.1,<0.1,<0.2,<0.05,<0.1,<0.09,<0.0019,<0.0012,33,5.73,煤气厂,,
M-S3,3580.0902,7646.5839,0.2,0.2,0,0.2,,8.43,1.3,1.1,1.5,0.24,0.6,0.48,<0.0019,<0.0012,168,8.87,煤气厂,,
M-S3,3580.0902,7646.5839,1,1,0.8,1,,8.54,0.4,0.3,0.5,0.09,0.2,0.29,<0.0019,<0.0012,270,18.6,煤气厂,,
M-S3,3580.0902,7646.5839,5,5,4.8,5,,8.96,<0.1,<0.1,<0.2,<0.05,<0.1,<0.09,<0.0019,<0.0012,30,6.32,煤气厂,,
M-S4,3598.2414,7674.4823,0.5,0.5,0.3,0.5,,8.4,1.8,1.5,2.2,0.32,1,3.47,1.04,0.19,360,35.1,煤气厂,,
M-S4,3598.2414,7674.4823,1,1,0.8,1,,8.81,0.1,0.3,0.2,<0.05,<0.1,32.7,5.64,4.97,1060,8.29,煤气厂,,
M-S4,3598.2414,7674.4823,5,5,4.8,5,,8.78,<0.1,<0.1,<0.2,<0.05,<0.1,0.4,1.66,0.31,61,5.08,煤气厂,,
M-S5,3635.0731,7698.4312,0.2,0.2,0,0.2,,8.34,<0.1,<0.1,<0.2,<0.05,<0.1,0.12,0.14,<0.0012,39,18.4,煤气厂,,
M-S5,3635.0731,7698.4312,2,2,1.8,2,,10.5,<0.1,<0.1,<0.2,<0.05,<0.1,<0.09,2.07,<0.0012,40,9.05,煤气厂,,
M-S5,3635.0731,7698.4312,4,4,3.8,4,,10.83,<0.1,<0.1,<0.2,<0.05,<0.1,0.78,0.85,<0.0012,57,6.12,煤气厂,,
M-S6,3493.9,7616.3544,0.2,0.2,0,0.2,,8.4,0.3,0.3,0.4,0.08,0.3,<0.09,<0.0019,0.12,118,4.65,煤气厂,,
M-S6,3493.9,7616.3544,1,1,0.8,1,,8.36,0.2,0.2,0.3,<0.05,0.2,<0.09,<0.0019,0.06,134,10.9,煤气厂,,
M-S6,3493.9,7616.3544,5,5,4.8,5,,8.68,<0.1,<0.1,<0.2,<0.05,<0.1,<0.09,<0.0019,0.14,34,7.47,煤气厂,,
M-S7 (M-MW2),3541.6066,7640.5099,0.2,0.2,0,0.2,,8.24,0.9,0.7,1.5,0.28,0.8,1.6,0.05,0.12,516,12.8,煤气厂,,
M-S7 (M-MW2),3541.6066,7640.5099,1,1,0.8,1,,7.91,0.2,0.2,0.5,0.09,0.3,0.63,0.07,0.14,1400,32.6,煤气厂,,
M-S7 (M-MW2),3541.6066,7640.5099,5,5,4.8,5,,8.54,4.2,1.3,3.3,1.16,3.7,0.41,<0.0019,0.08,634,6.86,煤气厂,,
M-S8,3542.5673,7664.8309,0.2,0.2,0,0.2,,8.56,4.7,2.9,5.6,0.85,2.9,4.12,0.73,0.5,343,19.3,煤气厂,,
M-S8,3542.5673,7664.8309,1,1,0.8,1,,8.7,0.2,0.2,0.2,<0.05,<0.1,18.1,0.18,0.21,138,7.99,煤气厂,,
M-S8,3542.5673,7664.8309,4,4,3.8,4,,8.61,<0.1,<0.1,<0.2,<0.05,<0.1,1.28,<0.0019,<0.0012,38,6.22,煤气厂,,
M-S9,3570.1109,7712.0744,0.5,0.5,0.3,0.5,,8.25,6.8,3.4,9.3,1.64,5,9.88,<0.0019,<0.0012,375,65.8,煤气厂,,
M-S9,3570.1109,7712.0744,1.5,1.5,1.3,1.5,,8.67,<0.1,<0.1,<0.2,<0.05,<0.1,1,1.31,0.14,64,7.64,煤气厂,,
M-S9,3570.1109,7712.0744,5,5,4.8,5,,8.52,<0.1,<0.1,<0.2,<0.05,<0.1,<0.09,0.28,<0.0012,32,6.71,煤气厂,,
M-S10 (M-MW3),3603.7451,7744.8732,0.2,0.2,0,0.2,,4.32,3,2.5,5.9,2.33,4.1,2.26,0.58,<0.0012,476,327,煤气厂,,
M-S10 (M-MW3),3603.7451,7744.8732,1,1,0.8,1,,9.1,<0.1,<0.1,<0.2,<0.05,<0.1,11.5,2.75,0.14,463,95.5,煤气厂,,
M-S10 (M-MW3),3603.7451,7744.8732,4,4,3.8,4,,8.66,<0.1,<0.1,<0.2,<0.05,<0.1,2.63,3.19,<0.0012,77,428,煤气厂,,
M-S11,3465.7039,7638.7363,0.2,0.2,0,0.2,,8.44,0.8,0.8,1,0.14,0.6,<0.09,<0.0019,0.1,84,7.5,煤气厂,,
M-S11,3465.7039,7638.7363,1,1,0.8,1,,8.57,0.6,0.7,0.7,0.13,0.4,<0.09,<0.0019,0.12,98,12.9,煤气厂,,
M-S11,3465.7039,7638.7363,5,5,4.8,5,,8.57,3.5,2,2.9,0.43,2.3,0.47,<0.0019,<0.0012,93,7.67,煤气厂,,
M-S12 (M-MW4),3496.4883,7649.2294,0.2,0.2,0,0.2,,8.33,0.9,0.8,1.5,0.25,0.7,0.43,0.04,0.1,447,12.8,煤气厂,,
M-S12 (M-MW4),3496.4883,7649.2294,1,1,0.8,1,,8.51,0.6,0.6,1,0.15,0.5,0.57,<0.0019,<0.0012,651,13.5,煤气厂,,
M-S12 (M-MW4),3496.4883,7649.2294,5,5,4.8,5,,8.6,<0.1,<0.1,<0.2,<0.05,<0.1,<0.09,<0.0019,0.51,104,6.9,煤气厂,,
M-S13,3532.0654,7700.3537,0.2,0.2,0,0.2,,8.3,8.5,2.9,8,8.78,3.6,1.64,1.13,0.49,401,32.9,煤气厂,,
M-S13,3532.0654,7700.3537,1,1,0.8,1,,8.41,<0.1,<0.1,<0.2,<0.05,<0.1,0.17,0.21,<0.0012,70,11.4,煤气厂,,
M-S13,3532.0654,7700.3537,4,4,3.8,4,,8.17,<0.1,<0.1,<0.2,<0.05,<0.1,<0.09,<0.0019,<0.0012,36,7.56,煤气厂,,
M-S14,3556.2889,7735.0865,0.2,0.2,0,0.2,,8.48,9.4,8,16,1.26,4.7,6.33,1.18,0.49,421,19,煤气厂,,
M-S14,3556.2889,7735.0865,1,1,0.8,1,,8.56,<0.1,<0.1,<0.2,<0.05,<0.1,<0.09,0.7,<0.0012,67,6.93,煤气厂,,
M-S14,3556.2889,7735.0865,4,4,3.8,4,,8.17,<0.1,<0.1,<0.2,<0.05,<0.1,<0.09,0.99,<0.0012,61,5.54,煤气厂,,
M-S15,3445.8676,7668.6226,0.2,0.2,0,0.2,,8.5,0.4,0.3,0.5,0.07,0.2,0.11,<0.0019,<0.0012,101,7.2,煤气厂,,
M-S15,3445.8676,7668.6226,1,1,0.8,1,,9.13,<0.1,<0.1,<0.2,<0.05,<0.1,<0.09,<0.0019,0.12,36,11.9,煤气厂,,
M-S15,3445.8676,7668.6226,5,5,4.8,5,,8.67,<0.1,<0.1,<0.2,<0.05,<0.1,<0.09,<0.0019,0.03,30,5.86,煤气厂,,
M-S16 (M-MW5),3468.3564,7701.1037,0.2,0.2,0,0.2,,8.37,7.9,4.2,10.7,1.17,4.3,4.06,0.27,<0.0012,700,19,煤气厂,,
M-S16 (M-MW5),3468.3564,7701.1037,1,1,0.8,1,,8.74,55.2,37.2,43.9,4.6,19,536,10.5,27.7,1770,8.93,煤气厂,,
M-S16 (M-MW5),3468.3564,7701.1037,5,5,4.8,5,,8.53,<0.1,<0.1,<0.2,<0.05,<0.1,0.33,<0.0019,1.54,83,5.8,煤气厂,,
M-S17,3499.1611,7713.4318,0.2,0.2,0,0.2,,8.22,13.5,9.9,13.5,1.35,5,5.81,0.17,<0.0012,988,15.8,煤气厂,,
M-S17,3499.1611,7713.4318,1,1,0.8,1,,8.43,0.5,0.4,0.4,0.09,0.3,0.34,<0.0019,<0.0012,119,18.9,煤气厂,,
M-S17,3499.1611,7713.4318,5,5,4.8,5,,8.51,<0.1,<0.1,<0.2,<0.05,<0.1,<0.09,<0.0019,<0.0012,47,7.38,煤气厂,,
M-S18,3417.0414,7692.2891,0.2,0.2,0,0.2,,8.74,0.2,0.2,0.3,<0.05,0.2,0.17,<0.0019,0.26,60,9.44,煤气厂,,
M-S18,3417.0414,7692.2891,1,1,0.8,1,,8.23,0.4,0.4,0.5,0.09,0.3,0.46,<0.0019,<0.0012,85,19.8,煤气厂,,
M-S18,3417.0414,7692.2891,5,5,4.8,5,,8.54,<0.1,<0.1,<0.2,<0.05,<0.1,<0.09,<0.0019,<0.0012,33,10,煤气厂,,
R1-S1 (R1-MW1),3593.9478,7605.7236,0.2,0.2,0,0.2,,8.17,0.5,0.4,0.8,0.15,0.4,1.64,<0.0019,<0.0012,672,16.4,煤气厂,,
R1-S1 (R1-MW1),3593.9478,7605.7236,1,1,0.8,1,,8.86,0.5,0.7,0.6,0.08,0.2,0.29,<0.0019,<0.0012,35,17.5,煤气厂,,
R1-S1 (R1-MW1),3593.9478,7605.7236,5,5,4.8,5,,9.08,<0.1,<0.1,<0.2,<0.05,<0.1,<0.09,<0.0019,<0.0012,39,6.69,煤气厂,,
R1-S2,3623.3859,7646.9076,0.2,0.2,0,0.2,,8.3,0.3,0.2,0.5,0.09,0.3,11.4,4.34,1.81,495,25.2,煤气厂,,
R1-S2,3623.3859,7646.9076,1.4,1.4,1.2,1.4,,8.44,5.1,5.8,7.6,0.53,1.5,40.2,0.13,0.05,546,24.5,煤气厂,,
R1-S2,3623.3859,7646.9076,4,4,3.8,4,,8.93,<0.1,<0.1,<0.2,<0.05,<0.1,0.84,0.15,<0.0012,56,6.09,煤气厂,,
R1-S3,3432.6017,7716.0326,0.2,0.2,0,0.2,,8.5,29.4,14.1,19.1,4.19,8.7,8.09,0.2,0.09,643,15.9,煤气厂,,
R1-S3,3432.6017,7716.0326,1,1,0.8,1,,8.45,<0.1,<0.1,<0.2,<0.05,<0.1,<0.09,<0.0019,<0.0012,130,9.55,煤气厂,,
R1-S3,3432.6017,7716.0326,5,5,4.8,5,,8.57,16.5,11.2,9.8,2.1,8.7,167,0.13,14.6,480,7.7,煤气厂,,
R2-S1,3580.5327,7759.8192,0.2,0.2,0,0.2,,8.22,31.7,20.3,37.9,5.18,17.3,16.8,1.09,0.04,407,31.3,煤气厂,,
R2-S1,3580.5327,7759.8192,1,1,0.8,1,,8.03,1.6,2,2.1,0.33,0.9,39.3,26.9,2.57,715,4.71,煤气厂,,
R2-S1,3580.5327,7759.8192,4,4,3.8,4,,8.7,1.3,1.6,1.5,0.16,0.5,15.4,0.28,0.19,249,6,煤气厂,,
R2-S2 (R2-MW1),3533.5172,7750.7617,0.2,0.2,0,0.2,,8.24,22.5,16,30.9,3.75,11.4,4.93,1.89,0.15,529,33.4,煤气厂,,
R2-S2 (R2-MW1),3533.5172,7750.7617,1,1,0.8,1,,8.5,1.5,1,1.2,0.16,0.7,6.13,<0.0019,2.06,166,5.95,煤气厂,,
R2-S2 (R2-MW1),3533.5172,7750.7617,4,4,3.8,4,,8.54,<0.1,<0.1,<0.2,<0.05,<0.1,0.53,0.14,<0.0012,55,7.25,煤气厂,,
R2-S3,3673.6318,7686.4253,0.2,0.2,0,0.2,,8.42,1.4,1.3,1.5,0.31,1.2,4.47,2.16,0.18,268,45.1,煤气厂,,
R2-S3,3673.6318,7686.4253,1,1,0.8,1,,8.98,0.3,0.3,0.5,<0.05,0.2,1.19,2.17,0.6,184,5.56,煤气厂,,
R2-S3,3673.6318,7686.4253,5,5,4.8,5,,8.6,<0.1,<0.1,<0.2,<0.05,<0.1,<0.09,<0.0019,<0.0012,39,7.43,煤气厂,,
W-S1 (W-MW1),3662.626,7490.7977,0.2,0.2,0,0.2,,8.39,2.2,1.8,2.4,0.4,1.2,<0.09,<0.0019,<0.0012,303,16,煤气厂,,
W-S1 (W-MW1),3662.626,7490.7977,1,1,0.8,1,,9.04,<0.1,<0.1,<0.2,<0.05,<0.1,<0.09,<0.0019,<0.0012,30,7.1,煤气厂,,
W-S1 (W-MW1),3662.626,7490.7977,4,4,3.8,4,,8.89,<0.1,<0.1,<0.2,<0.05,<0.1,<0.09,<0.0019,<0.0012,40,12.5,煤气厂,,
W-S2,3681.8403,7526.5132,0.2,0.2,0,0.2,,8.49,1.7,1.6,2.2,0.32,0.9,0.24,<0.0019,<0.0012,383,11.1,煤气厂,,
W-S2,3681.8403,7526.5132,1,1,0.8,1,,8.35,0.3,0.4,0.5,0.06,0.2,0.63,<0.0019,<0.0012,549,20.3,煤气厂,,
W-S2,3681.8403,7526.5132,4,4,3.8,4,,8.99,<0.1,<0.1,<0.2,<0.05,<0.1,<0.09,<0.0019,<0.0012,34,5.71,煤气厂,,
W-S3,3707.4565,7548.6538,0.2,0.2,0,0.2,,8.43,1.9,1.7,2.5,0.33,1,0.14,<0.0019,<0.0012,407,11,煤气厂,,
W-S3,3707.4565,7548.6538,1,1,0.8,1,,8.66,0.7,0.8,1,0.1,0.3,0.8,<0.0019,<0.0012,418,19.2,煤气厂,,
W-S3,3707.4565,7548.6538,6,6,5.8,6,,8.34,<0.1,<0.1,<0.2,<0.05,<0.1,<0.09,<0.0019,<0.0012,52,14.8,煤气厂,,
W-S4,3728.1639,7589.6421,0.2,0.2,0,0.2,,8.5,<0.1,<0.1,<0.2,<0.05,<0.1,<0.09,<0.0019,<0.0012,49,8.67,煤气厂,,
W-S4,3728.1639,7589.6421,1.5,1.5,1.3,1.5,,8.6,<0.1,<0.1,<0.2,<0.05,<0.1,1.2,<0.0019,<0.0012,572,9.87,煤气厂,,
W-S4,3728.1639,7589.6421,5,5,4.8,5,,8.64,<0.1,<0.1,<0.2,<0.05,<0.1,<0.09,<0.0019,<0.0012,59,14.6,煤气厂,,
W-S5,3749.2015,7613.8257,0.2,0.2,0,0.2,,8.49,<0.1,<0.1,<0.2,<0.05,<0.1,<0.09,<0.0019,<0.0012,193,14.2,煤气厂,,
W-S5,3749.2015,7613.8257,1,1,0.8,1,,8.69,<0.1,<0.1,<0.2,<0.05,<0.1,<0.09,<0.0019,<0.0012,429,7.21,煤气厂,,
W-S5,3749.2015,7613.8257,5,5,4.8,5,,8.77,<0.1,<0.1,<0.2,<0.05,<0.1,<0.09,<0.0019,<0.0012,47,8.11,煤气厂,,
W-S6,3627.9348,7531.8834,0.2,0.2,0,0.2,,8.54,0.2,0.2,0.2,0.06,0.2,0.13,<0.0019,0.08,98,10.9,煤气厂,,
W-S6,3627.9348,7531.8834,1.5,1.5,1.3,1.5,,9.84,<0.1,<0.1,<0.2,<0.05,<0.1,<0.09,<0.0019,<0.0012,32,8.88,煤气厂,,
W-S6,3627.9348,7531.8834,5,5,4.8,5,,9.7,<0.1,<0.1,<0.2,<0.05,<0.1,<0.09,<0.0019,<0.0012,39,4.23,煤气厂,,
W-S7,3655.24433,7557.02219,0.2,0.2,0,0.2,,8.76,<0.1,<0.1,<0.2,<0.05,<0.1,0.15,<0.0019,<0.0012,210,14.1,煤气厂,,
W-S7,3655.24433,7557.02219,1,1,0.8,1,,9.3,<0.1,<0.1,<0.2,<0.05,<0.1,0.11,<0.0019,<0.0012,158,8.2,煤气厂,,
W-S7,3655.24433,7557.02219,5,5,4.8,5,,9.43,<0.1,<0.1,<0.2,<0.05,<0.1,<0.09,<0.0019,<0.0012,26,5.1,煤气厂,,
W-S8,3683.7531,7574.6888,0.2,0.2,0,0.2,,8.23,0.6,0.4,0.7,0.12,0.4,0.27,<0.0019,<0.0012,681,11.6,煤气厂,,
W-S8,3683.7531,7574.6888,1.5,1.5,1.3,1.5,,8.51,<0.1,<0.1,<0.2,<0.05,<0.1,0.15,<0.0019,<0.0012,438,7.03,煤气厂,,
W-S8,3683.7531,7574.6888,4,4,3.8,4,,8.98,<0.1,<0.1,<0.2,<0.05,<0.1,<0.09,<0.0019,<0.0012,33,8.25,煤气厂,,
W-S9 (W-MW2),3691.849,7608.7839,0.2,0.2,0,0.2,,8.55,0.3,0.2,0.6,0.07,0.2,0.72,<0.0019,<0.0012,747,52.9,煤气厂,,
W-S9 (W-MW2),3691.849,7608.7839,1.4,1.4,1.2,1.4,,8.94,3.4,2.7,4.2,0.49,1.7,1.85,<0.0019,<0.0012,1620,16,煤气厂,,
W-S9 (W-MW2),3691.849,7608.7839,5,5,4.8,5,,8.8,<0.1,<0.1,<0.2,<0.05,<0.1,<0.09,<0.0019,<0.0012,56,7.41,煤气厂,,
W-S10,3727.7818,7639.2362,0.2,0.2,0,0.2,,8.5,0.2,0.1,0.2,<0.05,<0.1,<0.09,<0.0019,<0.0012,147,9.86,煤气厂,,
W-S10,3727.7818,7639.2362,1.5,1.5,1.3,1.5,,8.68,<0.1,<0.1,<0.2,<0.05,<0.1,<0.09,<0.0019,<0.0012,60,14.4,煤气厂,,
W-S10,3727.7818,7639.2362,5,5,4.8,5,,9.06,<0.1,<0.1,<0.2,<0.05,<0.1,<0.09,<0.0019,<0.0012,50,4.04,煤气厂,,
W-S11,3580.6937,7550.3066,0.2,0.2,0,0.2,,8.26,0.5,0.4,0.6,0.15,0.4,0.2,<0.0019,<0.0012,153,19.8,煤气厂,,
W-S11,3580.6937,7550.3066,1,1,0.8,1,,8.67,<0.1,<0.1,<0.2,<0.05,<0.1,<0.09,<0.0019,<0.0012,75,7.63,煤气厂,,
W-S11,3580.6937,7550.3066,5,5,4.8,5,,8.5,<0.1,<0.1,<0.2,<0.05,<0.1,<0.09,<0.0019,<0.0012,12,5.54,煤气厂,,
W-S12 (W-MW3),3620.3247,7554.822,0.2,0.2,0,0.2,,8.5,0.5,0.4,0.6,0.12,0.3,0.26,<0.0019,<0.0012,296,12.1,煤气厂,,
W-S12 (W-MW3),3620.3247,7554.822,1,1,0.8,1,,8.78,<0.1,<0.1,<0.2,<0.05,<0.1,<0.09,<0.0019,<0.0012,42,7.81,煤气厂,,
W-S12 (W-MW3),3620.3247,7554.822,5,5,4.8,5,,8.78,<0.1,<0.1,<0.2,<0.05,<0.1,<0.09,<0.0019,<0.0012,45,4.83,煤气厂,,
W-S13,3640.9994,7589.0231,0.2,0.2,0,0.2,,8.2,1.3,1.3,1.6,0.24,0.2,0.14,<0.0019,<0.0012,474,11.7,煤气厂,,
W-S13,3640.9994,7589.0231,1,1,0.8,1,,8.62,<0.1,<0.1,<0.2,<0.05,<0.1,<0.09,<0.0019,<0.0012,100,5.52,煤气厂,,
W-S13,3640.9994,7589.0231,4,4,3.8,4,,8.43,<0.1,<0.1,<0.2,<0.05,<0.1,<0.09,<0.0019,<0.0012,51,5.02,煤气厂,,
W--S14,3671.0773,7630.4865,0.5,0.5,0.3,0.5,,8.39,<0.1,<0.1,0.2,<0.05,<0.1,<0.09,<0.0019,<0.0012,612,12.7,煤气厂,,
W--S14,3671.0773,7630.4865,1,1,0.8,1,,8.84,0.9,1,1.1,0.21,0.4,0.56,<0.0019,<0.0012,353,12.9,煤气厂,,
W--S14,3671.0773,7630.4865,6,6,5.8,6,,8.87,<0.1,<0.1,<0.2,<0.05,<0.1,<0.09,<0.0019,<0.0012,61,6.82,煤气厂,,
W--S15,3695.8259,7672.1508,0.5,0.5,0.3,0.5,,8.55,1.2,1.2,1.6,0.29,0.6,0.44,0.1,<0.0012,94,15.3,煤气厂,,
W--S15,3695.8259,7672.1508,1.5,1.5,1.3,1.5,,8.94,0.3,0.4,0.5,0.08,0.2,0.25,0.34,0.08,182,10,煤气厂,,
W--S15,3695.8259,7672.1508,4,4,3.8,4,,8.8,<0.1,<0.1,<0.2,<0.05,<0.1,<0.09,<0.0019,<0.0012,46,6.71,煤气厂,,
W-S16 (W-MW4),3662.866,7661.5568,0.2,0.2,0,0.2,,8.33,0.4,0.3,0.4,0.13,0.3,0.43,0.1,<0.0012,265,15.5,煤气厂,,
W-S16 (W-MW4),3662.866,7661.5568,1,1,0.8,1,,9.08,<0.1,<0.1,<0.2,<0.05,<0.1,7.85,5.01,20.5,360,7.93,煤气厂,,
W-S16 (W-MW4),3662.866,7661.5568,5,5,4.8,5,,9.07,0.1,0.2,<0.2,<0.05,<0.1,4.89,6.73,36.2,157,5.35,煤气厂,,
JM(W-S1)1,3671.023,7486.642,0.5,0-0.5,0,0.5,,/,0.5,0.4,0.7,<0.1,0.3,<0.09,/,/,/,/,煤气厂,,
JM(W-S1)1,3671.023,7486.642,1.5,1.0-1.5,1,1.5,,/,0.3,0.3,0.4,<0.1,0.2,<0.09,/,/,/,/,煤气厂,,
JM(W-S1)2,3667.9021,7501.8388,0.5,0-0.5,0,0.5,,/,0.19,0.14,0.2,<0.1,0.1,<0.09,/,/,/,/,煤气厂,,
JM(W-S1)2,3667.9021,7501.8388,1.5,1.0-1.5,1,1.5,,/,<0.1,<0.1,<0.2,<0.1,<0.1,<0.09,/,/,/,/,煤气厂,,
JM(W-S1)3,3651.3468,7496.3984,0.5,0-0.5,0,0.5,,/,<0.1,<0.1,<0.2,<0.1,<0.1,0.16,/,/,/,/,煤气厂,,
JM(W-S1)3,3651.3468,7496.3984,1.5,1.0-1.5,1,1.5,,/,<0.1,<0.1,<0.2,<0.1,<0.1,<0.09,/,/,/,/,煤气厂,,
JM(W-S1)4,3657.8201,7482.1404,0.5,0-0.5,0,0.5,,/,<0.1,<0.1,<0.2,<0.1,<0.1,<0.09,/,/,/,/,煤气厂,,
JM(W-S1)4,3657.8201,7482.1404,1.5,1.0-1.5,1,1.5,,/,<0.1,<0.1,<0.2,<0.1,<0.1,<0.09,/,/,/,/,煤气厂,,
JM(W-S2)1,3692.4089,7520.4104,0.5,0-0.5,0,0.5,,/,1.4,1.3,1.3,0.1,0.7,6.96,/,/,/,/,煤气厂,,
JM(W-S2)1,3692.4089,7520.4104,1.5,1.0-1.5,1,1.5,,/,6.2,4.1,3.7,<0.1,3.1,30.1,/,/,/,/,煤气厂,,
JM(W-S2)1,3692.4089,7520.4104,4,3.5-4.0,3.5,4,,/,<0.1,<0.1,<0.2,<0.1,<0.1,<0.09,/,/,/,/,煤气厂,,
JM(W-S2)2,3689.8039,7540.9586,0.5,0-0.5,0,0.5,,/,9.2,6.3,6.8,<0.1,3.8,68.6,/,/,/,/,煤气厂,,
JM(W-S2)2,3689.8039,7540.9586,1.5,1.0-1.5,1,1.5,,/,10.9,7.5,8.1,<0.1,4.6,43.3,/,/,/,/,煤气厂,,
JM(W-S2)2,3689.8039,7540.9586,4,3.5-4.0,3.5,4,,/,<0.1,<0.1,<0.2,<0.1,<0.1,<0.09,/,/,/,/,煤气厂,,
JM(W-S2)3,3670.4261,7533.0998,0.5,0-0.5,0,0.5,,/,2.4,1.6,1.7,0.4,1.4,10.6,/,/,/,/,煤气厂,,
JM(W-S2)3,3670.4261,7533.0998,1.5,1.0-1.5,1,1.5,,/,<0.1,<0.1,<0.2,<0.1,<0.1,<0.09,/,/,/,/,煤气厂,,
JM(W-S2)4,3675.2762,7514.1562,0.5,0-0.5,0,0.5,,/,<0.1,<0.1,<0.2,<0.1,<0.1,<0.09,/,/,/,/,煤气厂,,
JM(W-S2)4,3675.2762,7514.1562,1.5,1.0-1.5,1,1.5,,/,<0.1,<0.1,<0.2,<0.1,<0.1,<0.09,/,/,/,/,煤气厂,,
JM(W-S3)1,3716.3548,7543.323,0.5,0-0.5,0,0.5,,/,0.2,0.2,<0.2,<0.1,<0.1,<0.09,/,/,/,/,煤气厂,,
JM(W-S3)1,3716.3548,7543.323,1.5,1.0-1.5,1,1.5,,/,0.3,0.3,0.4,<0.1,0.1,<0.09,/,/,/,/,煤气厂,,
JM(W-S3)2,3714.4871,7560.5,0.5,0-0.5,0,0.5,,/,4,4.2,5.2,0.7,1.5,0.21,/,/,/,/,煤气厂,,
JM(W-S3)2,3714.4871,7560.5,1.5,1.0-1.5,1,1.5,,/,0.9,1.8,1,0.1,0.6,6.5,/,/,/,/,煤气厂,,
JM(W-S3)3,3697.4832,7554.6449,0.5,0-0.5,0,0.5,,/,0.5,1.1,0.5,<0.1,0.4,10.4,/,/,/,/,煤气厂,,
JM(W-S3)3,3697.4832,7554.6449,1.5,1.0-1.5,1,1.5,,/,0.7,1.8,0.8,0.1,0.4,1.91,/,/,/,/,煤气厂,,
JM(W-S3)4,3700.6098,7535.2947,0.5,0-0.5,0,0.5,,/,0.4,0.6,0.6,0.1,0.3,0.11,/,/,/,/,煤气厂,,
JM(W-S3)4,3700.6098,7535.2947,1.5,1.0-1.5,1,1.5,,/,0.1,0.2,<0.2,<0.1,<0.1,<0.09,/,/,/,/,煤气厂,,
W-S9,3691.849,7608.7839,4,3.5-4.0,3.5,4,,/,<0.1,<0.1,<0.2,<0.1,<0.1,<0.09,/,/,/,/,煤气厂,,
JM(W-S9)1,3699.6856,7602.572,0.5,0-0.5,0,0.5,,/,<0.1,<0.1,<0.2,<0.1,<0.1,<0.09,/,/,/,/,煤气厂,,
JM(W-S9)1,3699.6856,7602.572,1.5,1.0-1.5,1,1.5,,/,<0.1,<0.1,<0.2,<0.1,<0.1,<0.09,/,/,/,/,煤气厂,,
JM(W-S9)1,3699.6856,7602.572,4,3.5-4.0,3.5,4,,/,<0.1,<0.1,<0.2,<0.1,<0.1,<0.09,/,/,/,/,煤气厂,,
JM(W-S9)2,3698.0609,7616.6205,0.5,0-0.5,0,0.5,,/,<0.1,0.2,<0.2,<0.1,<0.1,3.14,/,/,/,/,煤气厂,,
JM(W-S9)2,3698.0609,7616.6205,1.5,1.0-1.5,1,1.5,,/,<0.1,<0.1,<0.2,<0.1,<0.1,1.18,/,/,/,/,煤气厂,,
JM(W-S9)2,3698.0609,7616.6205,4,3.5-4.0,3.5,4,,/,<0.1,<0.1,<0.2,<0.1,<0.1,0.22,/,/,/,/,煤气厂,,
JM(W-S9)3,3684.0124,7614.9958,0.5,0-0.5,0,0.5,,/,<0.1,<0.1,<0.2,<0.1,<0.1,<0.09,/,/,/,/,煤气厂,,
JM(W-S9)3,3684.0124,7614.9958,1.5,1.0-1.5,1,1.5,,/,<0.1,<0.1,<0.2,<0.1,<0.1,<0.09,/,/,/,/,煤气厂,,
JM(W-S9)3,3684.0124,7614.9958,4,3.5-4.0,3.5,4,,/,21,33.1,14.5,6.9,16.6,415,/,/,/,/,煤气厂,,
JM(W-S9)3,3684.0124,7614.9958,6,5.5-6.0,5.5,6,,/,<0.1,<0.1,<0.2,<0.1,<0.1,<0.09,/,/,/,/,煤气厂,,
JM(W-S9)4,3685.6371,7600.9473,0.5,0-0.5,0,0.5,,/,<0.1,<0.1,<0.2,<0.1,<0.1,0.83,/,/,/,/,煤气厂,,
JM(W-S9)4,3685.6371,7600.9473,1.5,1.0-1.5,1,1.5,,/,0.2,0.2,0.2,<0.1,0.2,0.48,/,/,/,/,煤气厂,,
JM(W-S9)4,3685.6371,7600.9473,4,3.5-4.0,3.5,4,,/,<0.1,<0.1,<0.2,<0.1,<0.1,<0.09,/,/,/,/,煤气厂,,
R1-S3,3673.6318,7686.4253,4,3.5-4.0,3.5,4,,/,<0.1,<0.1,<0.2,<0.1,<0.1,0.24,/,/,/,/,煤气厂,,
R1-S3,3673.6318,7686.4253,6,5.5-6.0,5.5,6,,/,<0.1,<0.1,<0.2,<0.1,<0.1,<0.09,/,/,/,/,煤气厂,,
JM(R1-S3)1,3685.1702,7680.3777,0.5,0-0.5,0,0.5,,/,0.3,0.4,0.4,<0.1,0.4,1.09,/,/,/,/,煤气厂,,
JM(R1-S3)1,3685.1702,7680.3777,1.5,1.0-1.5,1,1.5,,/,0.2,0.3,0.3,<0.1,0.2,0.43,/,/,/,/,煤气厂,,
JM(R1-S3)1,3685.1702,7680.3777,4,3.5-4.0,3.5,4,,/,<0.1,<0.1,<0.2,<0.1,<0.1,0.18,/,/,/,/,煤气厂,,
JM(R1-S3)1,3685.1702,7680.3777,6,5.5-6.0,5.5,6,,/,<0.1,<0.1,<0.2,<0.1,<0.1,<0.09,/,/,/,/,煤气厂,,
JM(R1-S3)2,3679.1284,7698.0792,0.5,0-0.5,0,0.5,,/,<0.1,<0.1,<0.2,<0.1,<0.1,0.9,/,/,/,/,煤气厂,,
JM(R1-S3)2,3679.1284,7698.0792,1.5,1.0-1.5,1,1.5,,/,<0.1,<0.1,<0.2,<0.1,<0.1,0.23,/,/,/,/,煤气厂,,
JM(R1-S3)2,3679.1284,7698.0792,4,3.5-4.0,3.5,4,,/,<0.1,<0.1,<0.2,<0.1,<0.1,0.3,/,/,/,/,煤气厂,,
JM(R1-S3)2,3679.1284,7698.0792,6,5.5-6.0,5.5,6,,/,<0.1,<0.1,<0.2,<0.1,<0.1,<0.09,/,/,/,/,煤气厂,,
JM(R1-S3)3,3662.8219,7692.3596,0.5,0-0.5,0,0.5,,/,42.47,41.76,33.62,<0.1,20.17,170.69,/,/,/,/,煤气厂,,
JM(R1-S3)3,3662.8219,7692.3596,1.5,1.0-1.5,1,1.5,,/,<0.1,<0.1,<0.2,<0.1,<0.1,0.76,/,/,/,/,煤气厂,,
JM(R1-S3)3,3662.8219,7692.3596,4,3.5-4.0,3.5,4,,/,0.9,0.9,0.6,0.1,0.2,29.6,/,/,/,/,煤气厂,,
JM(R1-S3)3,3662.8219,7692.3596,6,5.5-6.0,5.5,6,,/,<0.1,<0.1,<0.2,<0.1,<0.1,1.18,/,/,/,/,煤气厂,,
JM(R1-S3)4/JM(W-S16)2,3668.2489,7673.9911,0.5,0-0.5,0,0.5,,/,0.6,0.6,0.8,<0.1,0.3,0.49,<0.0019,<0.0012,/,/,煤气厂,,
JM(R1-S3)4/JM(W-S16)2,3668.2489,7673.9911,1.5,1.0-1.5,1,1.5,,/,1.61,1.92,2.16,0.33,0.69,0.39,<0.0019,<0.0012,/,/,煤气厂,,
JM(R1-S3)4/JM(W-S16)2,3668.2489,7673.9911,4,3.5-4.0,3.5,4,,/,<0.1,<0.1,<0.2,<0.1,<0.1,<0.09,<0.0019,<0.0012,/,/,煤气厂,,
JM(R1-S3)4/JM(W-S16)2,3668.2489,7673.9911,6,5.5-6.0,5.5,6,,/,<0.1,<0.1,<0.2,<0.1,<0.1,<0.09,<0.0019,<0.0012,/,/,煤气厂,,
JM(W-S16)1,3676.1004,7656.337,0.5,0-0.5,0,0.5,,/,/,/,/,/,/,/,<0.0019,<0.0012,/,/,煤气厂,,
JM(W-S16)1,3676.1004,7656.337,1.5,1.0-1.5,1,1.5,,/,/,/,/,/,/,/,<0.0019,<0.0012,/,/,煤气厂,,
JM(W-S16)1,3676.1004,7656.337,4,3.5-4.0,3.5,4,,/,/,/,/,/,/,/,<0.0019,<0.0012,/,/,煤气厂,,
JM(W-S16)1,3676.1004,7656.337,6,5.5-6.0,5.5,6,,/,/,/,/,/,/,/,<0.0019,<0.0012,/,/,煤气厂,,
JM(W-S16)3,3649.8341,7666.7303,0.5,0-0.5,0,0.5,,/,/,/,/,/,/,/,2.23,1.16,/,/,煤气厂,,
JM(W-S16)3,3649.8341,7666.7303,1.5,1.0-1.5,1,1.5,,/,/,/,/,/,/,/,2.21,0.83,/,/,煤气厂,,
JM(W-S16)3,3649.8341,7666.7303,4,3.5-4.0,3.5,4,,/,/,/,/,/,/,/,139,51.2,/,/,煤气厂,,
JM(W-S16)3,3649.8341,7666.7303,6,5.5-6.0,5.5,6,,/,/,/,/,/,/,/,6.34,1.89,/,/,煤气厂,,
JM(W-S16)3,3649.8341,7666.7303,8,7.5-8.0,7.5,8,,/,/,/,/,/,/,/,<0.0019,/,/,/,煤气厂,,
JM(W-S16)4,3656.9027,7647.9459,0.5,0-0.5,0,0.5,,/,/,/,/,/,/,/,<0.0019,<0.0012,/,/,煤气厂,,
JM(W-S16)4,3656.9027,7647.9459,1.5,1.0-1.5,1,1.5,,/,/,/,/,/,/,/,1.04,4.15,/,/,煤气厂,,
JM(W-S16)4,3656.9027,7647.9459,4,3.5-4.0,3.5,4,,/,/,/,/,/,/,/,2.4,4.09,/,/,煤气厂,,
JM(W-S16)4,3656.9027,7647.9459,6,5.5-6.0,5.5,6,,/,/,/,/,/,/,/,<0.0019,<0.0012,/,/,煤气厂,,
W-S16,3662.866,7661.5568,4,3.5-4.0,3.5,4,,/,/,/,/,/,/,/,10.1,<0.0012,/,/,煤气厂,,
W-S16,3662.866,7661.5568,6,5.5-6.0,5.5,6,,/,/,/,/,/,/,/,0.2,2.11,/,/,煤气厂,,
JM(R1-S2)1,3635.7278,7634.7142,0.5,0-0.5,0,0.5,,/,0.7,0.7,0.6,0.1,0.3,0.25,<0.0019,/,/,/,煤气厂,,
JM(R1-S2)1,3635.7278,7634.7142,1.5,1.0-1.5,1,1.5,,/,0.1,0.1,<0.2,<0.1,<0.1,0.09,<0.0019,/,/,/,煤气厂,,
JM(R1-S2)1,3635.7278,7634.7142,4,3.5-4.0,3.5,4,,/,0.1,0.3,<0.2,<0.1,<0.1,4.97,0.3,/,/,/,煤气厂,,
JM(R1-S2)2,3635.4422,7659.9441,0.5,0-0.5,0,0.5,,/,<0.1,<0.1,<0.2,<0.1,<0.1,<0.09,0.78,<0.0012,/,/,煤气厂,,
JM(R1-S2)2,3635.4422,7659.9441,1.5,1.0-1.5,1,1.5,,/,1.2,1.5,1.5,<0.1,0.4,<0.09,1.07,182,/,/,煤气厂,,
JM(R1-S2)2,3635.4422,7659.9441,4,3.5-4.0,3.5,4,,/,<0.1,<0.1,<0.2,<0.1,<0.1,217,65.7,26.8,/,/,煤气厂,,
JM(R1-S2)2,3635.4422,7659.9441,6,5.5-6.0,5.5,6,,/,<0.1,<0.1,<0.2,<0.1,<0.1,<0.09,<0.0019,<0.0012,/,/,煤气厂,,
JM(R1-S2)4,3611.8639,7633.1548,0.5,0-0.5,0,0.5,,/,40.4,30.4,23.7,4.3,15.3,12.4,0.48,/,/,/,煤气厂,,
JM(R1-S2)4,3611.8639,7633.1548,1.5,1.0-1.5,1,1.5,,/,263,208,158,5.9,93,1200,8.54,/,/,/,煤气厂,,
JM(R1-S2)4,3611.8639,7633.1548,4,3.5-4.0,3.5,4,,/,63.3,54.7,36.1,5.7,20.7,208,0.38,/,/,/,煤气厂,,
JM(R1-S2)4,3611.8639,7633.1548,6,5.5-6.0,5.5,6,,/,<0.1,<0.1,<0.2,<0.1,<0.1,<0.09,/,/,/,/,煤气厂,,
JM(R1-S2)4,3611.8639,7633.1548,8,7.5-8.0,7.5,8,,/,<0.1,<0.1,<0.2,<0.1,<0.1,<0.09,/,/,/,/,煤气厂,,
JM(R1-S2)3/JM(M-S4)1,3610.8137,7660.695,0.5,0-0.5,0,0.5,,/,<0.1,<0.1,<0.2,<0.1,<0.1,22.4,801,/,/,/,煤气厂,,
JM(R1-S2)3/JM(M-S4)1,3610.8137,7660.695,1.5,1.0-1.5,1,1.5,,/,<0.1,<0.1,<0.2,<0.1,<0.1,196,447,/,/,/,煤气厂,,
JM(R1-S2)3/JM(M-S4)1,3610.8137,7660.695,4,3.5-4.0,3.5,4,,/,<0.1,<0.1,<0.2,<0.1,<0.1,51.3,50.9,/,/,/,煤气厂,,
JM(R1-S2)3/JM(M-S4)1,3610.8137,7660.695,6,5.5-6.0,5.5,6,,/,/,/,/,/,/,/,1.92,/,/,/,煤气厂,,
M-S4,3598.2414,7674.4823,4,3.5-4.0,3.5,4,,/,<0.1,<0.1,<0.2,<0.1,<0.1,0.84,11.8,/,/,/,煤气厂,,
JM(M-S4)2,3609.1531,7686.7439,0.5,0-0.5,0,0.5,,/,2.5,1.7,2.6,0.3,1,2.25,76.1,/,/,6.53,煤气厂,,
JM(M-S4)2,3609.1531,7686.7439,1.5,1.0-1.5,1,1.5,,/,0.6,1.2,0.3,<0.1,0.2,141,258,/,/,9.91,煤气厂,,
JM(M-S4)2,3609.1531,7686.7439,4,3.5-4.0,3.5,4,,/,0.3,1.2,0.2,<0.1,<0.1,115,95.2,/,/,/,煤气厂,,
JM(M-S4)2,3609.1531,7686.7439,6,5.5-6.0,5.5,6,,/,<0.1,<0.1,<0.2,<0.1,<0.1,0.16,<0.0019,/,/,/,煤气厂,,
JM(M-S4)3,3585.3837,7684.9786,0.5,0-0.5,0,0.5,,/,<0.1,<0.1,<0.2,<0.1,<0.1,0.23,7.11,/,/,54.7,煤气厂,,
JM(M-S4)3,3585.3837,7684.9786,1.5,1.0-1.5,1,1.5,,/,<0.1,<0.1,<0.2,<0.1,<0.1,0.2,5.6,/,/,43.6,煤气厂,,
JM(M-S4)3,3585.3837,7684.9786,4,3.5-4.0,3.5,4,,/,0.6,1.3,0.6,<0.1,0.2,121,5.32,/,/,7.15,煤气厂,,
JM(M-S4)3,3585.3837,7684.9786,6,5.5-6.0,5.5,6,,/,<0.1,<0.1,<0.2,<0.1,<0.1,0.22,0.07,/,/,6.63,煤气厂,,
JM(M-S4)4,3588.3826,7661.693,0.5,0-0.5,0,0.5,,/,<0.1,<0.1,<0.2,<0.1,<0.1,39,4.23,/,/,/,煤气厂,,
JM(M-S4)4,3588.3826,7661.693,1.5,1.0-1.5,1,1.5,,/,2.3,6.2,2.2,<0.1,0.7,188,9.84,/,/,/,煤气厂,,
JM(M-S4)4,3588.3826,7661.693,4,3.5-4.0,3.5,4,,/,0.4,1.1,0.6,<0.1,<0.1,69.8,12.7,/,/,/,煤气厂,,
JM(M-S4)4,3588.3826,7661.693,6,5.5-6.0,5.5,6,,/,/,/,/,/,/,/,<0.0019,/,/,/,煤气厂,,
M-S10,3603.7451,7744.8732,6,5.5-6.0,5.5,6,,/,/,/,/,/,/,/,/,/,/,80.7,煤气厂,,
M-S10,3603.7451,7744.8732,8,7.5-8.0,7.5,8,,/,/,/,/,/,/,/,/,/,/,9.48,煤气厂,,
JM(M-S10)1,3617.6028,7733.8885,0.5,0-0.5,0,0.5,,/,8.9,23.1,4.9,0.7,2,15.6,/,/,/,169,煤气厂,,
JM(M-S10)1,3617.6028,7733.8885,1.5,1.0-1.5,1,1.5,,/,0.8,0.9,1,<0.1,0.3,4.34,/,/,/,231,煤气厂,,
JM(M-S10)1,3617.6028,7733.8885,4,3.5-4.0,3.5,4,,/,/,/,/,/,/,/,/,/,/,216,煤气厂,,
JM(M-S10)1,3617.6028,7733.8885,6,5.5-6.0,5.5,6,,/,/,/,/,/,/,/,/,/,/,83.9,煤气厂,,
JM(M-S10)1,3617.6028,7733.8885,8,7.5-8.0,7.5,8,,/,/,/,/,/,/,/,/,/,/,23.4,煤气厂,,
JM(M-S10)2,3613.3411,7757.9114,0.5,0-0.5,0,0.5,,/,15.4,17.6,19.2,2,5.9,109,/,/,2069,41,煤气厂,,
JM(M-S10)2,3613.3411,7757.9114,1.5,1.0-1.5,1,1.5,,/,3.9,6.9,6.5,0.5,1.2,91.2,/,/,113,28.9,煤气厂,,
JM(M-S10)2,3613.3411,7757.9114,4,3.5-4.0,3.5,4,,/,/,/,/,/,/,/,/,/,15,6.39,煤气厂,,
JM(M-S10)2,3613.3411,7757.9114,6,5.5-6.0,5.5,6,,/,/,/,/,/,/,/,/,/,/,12.2,煤气厂,,
JM(M-S10)4,3592.7604,7731.0155,0.5,0-0.5,0,0.5,,/,12.9,38.9,13.8,<0.1,<0.1,124,0.09,/,/,388,煤气厂,,
JM(M-S10)4,3592.7604,7731.0155,1.5,1.0-1.5,1,1.5,,/,1,2.6,1.3,<0.1,0.4,315,<0.0019,/,/,290,煤气厂,,
JM(M-S10)4,3592.7604,7731.0155,4,3.5-4.0,3.5,4,,/,/,/,/,/,/,/,<0.0019,/,/,40.2,煤气厂,,
JM(M-S10)4,3592.7604,7731.0155,6,5.5-6.0,5.5,6,,/,/,/,/,/,/,/,/,/,/,9.12,煤气厂,,
JM(M-S10)3/JM(R2-S1)1-1,3590.0557,7753.1854,0.5,0-0.5,0,0.5,,/,13.8,9.9,17.6,2,5.5,2.62,1.45,/,/,88.9,煤气厂,,
JM(M-S10)3/JM(R2-S1)1-1,3590.0557,7753.1854,1.5,1.0-1.5,1,1.5,,/,7.2,11.2,7.4,<0.1,<0.1,346,31.1,/,/,68.1,煤气厂,,
JM(M-S10)3/JM(R2-S1)1-1,3590.0557,7753.1854,4,3.5-4.0,3.5,4,,/,0.6,1.1,0.6,<0.1,0.2,25.2,10.4,/,/,111,煤气厂,,
JM(M-S10)3/JM(R2-S1)1-1,3590.0557,7753.1854,6,5.5-6.0,5.5,6,,/,/,/,/,/,/,/,/,/,/,16,煤气厂,,
JM(R2-S1)2,3589.678,7772.6166,0.5,0-0.5,0,0.5,,/,<0.1,<0.1,<0.2,<0.1,<0.1,0.73,0.8,/,/,20.5,煤气厂,,
JM(R2-S1)2,3589.678,7772.6166,1.5,1.0-1.5,1,1.5,,/,<0.1,<0.1,<0.2,<0.1,<0.1,0.17,4,/,/,9.99,煤气厂,,
JM(R2-S1)2,3589.678,7772.6166,4,3.5-4.0,3.5,4,,/,<0.1,<0.1,<0.2,<0.1,<0.1,<0.09,<0.0019,/,/,/,煤气厂,,
JM(R2-S1)3/JM(E-S1)1,3570.9849,7766.3224,0.5,0-0.5,0,0.5,,/,3.4,5.7,3.6,0.5,1.2,77.2,1.09,/,/,/,煤气厂,,
JM(R2-S1)3/JM(E-S1)1,3570.9849,7766.3224,1.5,1.0-1.5,1,1.5,,/,0.7,1.1,1,<0.1,0.3,28.3,3.4,/,/,/,煤气厂,,
JM(R2-S1)3/JM(E-S1)1,3570.9849,7766.3224,4,3.5-4.0,3.5,4,,/,0.2,0.3,0.2,<0.1,<0.1,11.8,2.8,/,/,/,煤气厂,,
JM(R2-S1)4/JM(M-S14)2,3567.9898,7748.2583,0.5,0-0.5,0,0.5,,/,<0.1,<0.1,<0.2,<0.1,<0.1,0.85,12.8,/,/,25.6,煤气厂,,
JM(R2-S1)4/JM(M-S14)2,3567.9898,7748.2583,1.5,1.0-1.5,1,1.5,,/,<0.1,<0.1,<0.2,<0.1,<0.1,1.05,5.78,/,/,29,煤气厂,,
JM(R2-S1)4/JM(M-S14)2,3567.9898,7748.2583,4,3.5-4.0,3.5,4,,/,5,6,5.4,0.8,2.2,30.6,13.8,/,/,5.87,煤气厂,,
JM(R2-S1)4/JM(M-S14)2,3567.9898,7748.2583,6,5.5-6.0,5.5,6,,/,<0.1,<0.1,<0.2,<0.1,<0.1,<0.09,0.7,/,/,/,煤气厂,,
JM(M-S9)1,3570.8778,7695.9973,0.5,0-0.5,0,0.5,,/,15.3,7.6,11,2.8,9.6,192,0.2,/,/,138,煤气厂,,
JM(M-S9)1,3570.8778,7695.9973,1.5,1.0-1.5,1,1.5,,/,7.7,3.9,6,1.1,4.3,132,2.94,/,/,104,煤气厂,,
JM(M-S9)1,3570.8778,7695.9973,4,3.5-4.0,3.5,4,,/,0.32,0.21,0.16,<0.1,0.28,5.1,<0.0019,/,/,7.8,煤气厂,,
JM(M-S9)2,3585.8981,7713.4029,0.5,0-0.5,0,0.5,,/,5.5,2.6,4.3,1,2.6,18.7,/,/,/,83.9,煤气厂,,
JM(M-S9)2,3585.8981,7713.4029,1.5,1.0-1.5,1,1.5,,/,19.8,35.5,23.7,2.6,6.7,2520,/,/,/,197,煤气厂,,
JM(M-S9)2,3585.8981,7713.4029,4,3.5-4.0,3.5,4,,/,<0.1,<0.1,<0.2,<0.1,<0.1,24.96,/,/,/,15,煤气厂,,
JM(M-S9)2,3585.8981,7713.4029,6,5.5-6.0,5.5,6,,/,0.24,0.24,0.24,<0.1,0.2,5.2,/,/,/,5.6,煤气厂,,
JM(M-S9)4,3554.5735,7710.1774,0.5,0-0.5,0,0.5,,/,17.1,12.6,17.6,1.7,6.9,121,/,/,/,12.6,煤气厂,,
JM(M-S9)4,3554.5735,7710.1774,1.5,1.0-1.5,1,1.5,,/,2.4,2,1.7,0.2,1,35.4,/,/,/,9.03,煤气厂,,
JM(M-S9)4,3554.5735,7710.1774,4,3.5-4.0,3.5,4,,/,6.52,6.52,5.29,<0.1,6.4,3288.89,/,/,/,/,煤气厂,,
JM(M-S9)4,3554.5735,7710.1774,6,5.5-6.0,5.5,6,,/,<0.1,<0.1,<0.2,<0.1,<0.1,<0.09,/,/,/,/,煤气厂,,
JM(M-S9)4,3554.5735,7710.1774,8,7.5-8.0,7.5,8,,/,<0.1,<0.1,<0.2,<0.1,<0.1,<0.09,/,/,/,/,煤气厂,,
JM(M-S9)3/JM(M-S14)1,3567.481,7727.2347,0.5,0-0.5,0,0.5,,/,7.6,6.1,8.5,0.8,3,33.4,0.46,/,/,10.9,煤气厂,,
JM(M-S9)3/JM(M-S14)1,3567.481,7727.2347,1.5,1.0-1.5,1,1.5,,/,12.9,10.9,9.2,1.3,5.1,88.5,<0.0019,/,/,17,煤气厂,,
JM(M-S9)3/JM(M-S14)1,3567.481,7727.2347,4,3.5-4.0,3.5,4,,/,<0.1,<0.1,<0.2,<0.1,<0.1,0.26,<0.0019,/,/,/,煤气厂,,
JM(M-S8)1/JM(M-S7)2,3553.7111,7653.3773,0.5,0-0.5,0,0.5,,/,<0.1,<0.1,<0.2,<0.1,<0.1,<0.09,/,/,/,/,煤气厂,,
JM(M-S8)1/JM(M-S7)2,3553.7111,7653.3773,1.5,1.0-1.5,1,1.5,,/,43.5,28,32,5.1,21.6,290,/,/,/,/,煤气厂,,
JM(M-S8)1/JM(M-S7)2,3553.7111,7653.3773,4,3.5-4.0,3.5,4,,/,<0.1,<0.1,<0.2,<0.1,<0.1,<0.09,/,/,/,/,煤气厂,,
JM(M-S8)1/JM(M-S7)2,3553.7111,7653.3773,6,5.5-6.0,5.5,6,,/,<0.1,<0.1,<0.2,<0.1,<0.1,<0.09,/,/,/,/,煤气厂,,
JM(M-S8)2,3554.5362,7679.3975,0.5,0-0.5,0,0.5,,/,0.1,<0.1,<0.2,<0.1,<0.1,0.31,/,/,/,84.3,煤气厂,,
JM(M-S8)2,3554.5362,7679.3975,1.5,1.0-1.5,1,1.5,,/,6.2,2.6,3.5,0.9,4,2.11,/,/,/,33.9,煤气厂,,
JM(M-S8)2,3554.5362,7679.3975,4,3.5-4.0,3.5,4,,/,<0.1,<0.1,<0.2,<0.1,<0.1,0.41,/,/,/,6.78,煤气厂,,
JM(M-S8)3,3531.6737,7676.427,0.5,0-0.5,0,0.5,,/,<0.1,<0.1,<0.2,<0.1,<0.1,<0.09,/,/,/,/,煤气厂,,
JM(M-S8)3,3531.6737,7676.427,1.5,1.0-1.5,1,1.5,,/,<0.1,<0.1,<0.2,<0.1,<0.1,<0.09,/,/,/,/,煤气厂,,
JM(M-S8)4/JM(M-S7)3,3529.8121,7652.6791,0.5,0-0.5,0,0.5,,/,<0.1,<0.1,<0.2,<0.1,<0.1,<0.09,/,/,/,/,煤气厂,,
JM(M-S8)4/JM(M-S7)3,3529.8121,7652.6791,1.5,1.0-1.5,1,1.5,,/,<0.1,<0.1,<0.2,<0.1,<0.1,0.66,/,/,/,/,煤气厂,,
JM(M-S8)4/JM(M-S7)3,3529.8121,7652.6791,4,3.5-4.0,3.5,4,,/,<0.1,<0.1,<0.2,<0.1,<0.1,<0.09,/,/,/,/,煤气厂,,
JM(M-S8)4/JM(M-S7)3,3529.8121,7652.6791,6,5.5-6.0,5.5,6,,/,<0.1,<0.1,<0.2,<0.1,<0.1,<0.09,/,/,/,/,煤气厂,,
M-S7,3541.6066,7640.5099,4,3.5-4.0,3.5,4,,/,<0.1,<0.1,<0.2,<0.1,<0.1,<0.09,/,/,/,/,煤气厂,,
M-S7,3541.6066,7640.5099,6,5.5-6.0,5.5,6,,/,<0.1,<0.1,<0.2,<0.1,<0.1,<0.09,/,/,/,/,煤气厂,,
JM(M-S7)1,3554.8872,7629.9827,0.5,0-0.5,0,0.5,,/,0.2,0.1,<0.2,<0.1,<0.1,<0.09,/,/,/,/,煤气厂,,
JM(M-S7)1,3554.8872,7629.9827,1.5,1.0-1.5,1,1.5,,/,<0.1,<0.1,<0.2,<0.1,<0.1,<0.09,/,/,/,/,煤气厂,,
JM(M-S7)1,3554.8872,7629.9827,4,3.5-4.0,3.5,4,,/,<0.1,<0.1,<0.2,<0.1,<0.1,<0.09,/,/,/,/,煤气厂,,
JM(M-S7)1,3554.8872,7629.9827,6,5.5-6.0,5.5,6,,/,<0.1,<0.1,<0.2,<0.1,<0.1,<0.09,/,/,/,/,煤气厂,,
JM(M-S7)4,3531.0794,7627.2293,0.5,0-0.5,0,0.5,,/,0.1,0.1,0.2,<0.1,0.1,0.45,/,/,/,/,煤气厂,,
JM(M-S7)4,3531.0794,7627.2293,1.5,1.0-1.5,1,1.5,,/,<0.1,<0.1,<0.2,<0.1,<0.1,<0.09,/,/,/,/,煤气厂,,
JM(M-S7)4,3531.0794,7627.2293,4,3.5-4.0,3.5,4,,/,<0.1,<0.1,<0.2,<0.1,<0.1,<0.09,/,/,/,/,煤气厂,,
JM(M-S7)4,3531.0794,7627.2293,6,5.5-6.0,5.5,6,,/,<0.1,<0.1,<0.2,<0.1,<0.1,<0.09,/,/,/,/,煤气厂,,
JM(M-S13)1,3544.0101,7690.8855,0.5,0-0.5,0,0.5,,/,108,82.2,45.1,12.6,50.6,8841,/,/,/,6.13,煤气厂,,
JM(M-S13)1,3544.0101,7690.8855,1.5,1.0-1.5,1,1.5,,/,12.6,4.2,7.2,1.3,5.9,42.8,/,/,/,8,煤气厂,,
JM(M-S13)1,3544.0101,7690.8855,4,3.5-4.0,3.5,4,,/,0.2,0.4,<0.2,<0.1,0.1,49.3,<0.0019,/,/,5.7,煤气厂,,
JM(M-S13)1,3544.0101,7690.8855,6,5.5-6.0,5.5,6,,/,<0.1,<0.1,<0.2,<0.1,<0.1,0.75,<0.0019,/,/,/,煤气厂,,
JM(M-S13)3,3520.3972,7712.1334,0.5,0-0.5,0,0.5,,/,9.4,6.6,6.4,1,4.2,18,/,/,/,/,煤气厂,,
JM(M-S13)3,3520.3972,7712.1334,1.5,1.0-1.5,1,1.5,,/,8.4,6.2,6.8,0.8,5.3,148,/,/,/,/,煤气厂,,
JM(M-S13)3,3520.3972,7712.1334,4,3.5-4.0,3.5,4,,/,<0.1,<0.1,<0.2,<0.1,<0.1,<0.09,/,/,/,/,煤气厂,,
JM(M-S13)3,3520.3972,7712.1334,6,5.5-6.0,5.5,6,,/,<0.1,<0.1,<0.2,<0.1,<0.1,<0.09,/,/,/,/,煤气厂,,
JM(M-S13)4,3521.59,7686.9981,0.5,0-0.5,0,0.5,,/,8.8,5.4,8,1,5.6,3.29,/,/,/,/,煤气厂,,
JM(M-S13)4,3521.59,7686.9981,1.5,1.0-1.5,1,1.5,,/,48,21.7,27.8,7.2,30.4,196,/,/,/,/,煤气厂,,
JM(M-S13)4,3521.59,7686.9981,4,3.5-4.0,3.5,4,,/,<0.1,<0.1,<0.2,<0.1,<0.1,15.6,<0.0019,/,/,/,煤气厂,,
JM(M-S13)4,3521.59,7686.9981,6,5.5-6.0,5.5,6,,/,<0.1,<0.1,<0.2,<0.1,<0.1,9.13,<0.0019,/,/,/,煤气厂,,
JM(M-S13)2/JM(M-S14)4,3543.535,7718.2043,0.5,0-0.5,0,0.5,,/,8.1,7.7,7.8,1.2,4.4,7.52,/,/,/,/,煤气厂,,
JM(M-S13)2/JM(M-S14)4,3543.535,7718.2043,1.5,1.0-1.5,1,1.5,,/,14.5,15.8,17.3,2,8,7.04,/,/,/,/,煤气厂,,
JM(M-S13)2/JM(M-S14)4,3543.535,7718.2043,4,3.5-4.0,3.5,4,,/,<0.1,<0.1,<0.2,<0.1,<0.1,<0.09,/,/,/,/,煤气厂,,
JM(M-S13)2/JM(M-S14)4,3543.535,7718.2043,6,5.5-6.0,5.5,6,,/,<0.1,<0.1,<0.2,<0.1,<0.1,<0.09,/,/,/,/,煤气厂,,
JM(R2-S2)1/JM(M-S14)3,3545.0538,7742.6429,0.5,0-0.5,0,0.5,,/,9.9,6.5,6.9,1.1,5.5,7.82,0.23,/,/,/,煤气厂,,
JM(R2-S2)1/JM(M-S14)3,3545.0538,7742.6429,1.5,1.0-1.5,1,1.5,,/,153,85.2,87.8,24.2,99.9,63.2,89.4,/,/,/,煤气厂,,
JM(R2-S2)1/JM(M-S14)3,3545.0538,7742.6429,4,3.5-4.0,3.5,4,,/,18.2,10.7,9.8,4.3,8.5,10.8,3.69,/,/,/,煤气厂,,
JM(R2-S2)1/JM(M-S14)3,3545.0538,7742.6429,6,5.5-6.0,5.5,6,,/,<0.1,<0.1,<0.2,<0.1,<0.1,0.31,/,/,/,/,煤气厂,,
JM(R2-S2)2/JM(E-S1)4,3546.5365,7762.7074,0.5,0-0.5,0,0.5,,/,76.3,61.8,48,4.6,24.7,64.7,<0.0019,/,/,/,煤气厂,,
JM(R2-S2)2/JM(E-S1)4,3546.5365,7762.7074,1.5,1.0-1.5,1,1.5,,/,0.5,0.5,0.4,<0.1,0.2,0.77,<0.0019,/,/,/,煤气厂,,
JM(R2-S2)2/JM(E-S1)4,3546.5365,7762.7074,4,3.5-4.0,3.5,4,,/,<0.1,<0.1,<0.2,<0.1,<0.1,<0.09,/,/,/,/,煤气厂,,
JM(R2-S2)3/JM(E-S3)1,3520.2916,7758.9674,0.5,0-0.5,0,0.5,,/,1,0.5,0.9,<0.1,0.5,1.57,/,/,/,/,煤气厂,,
JM(R2-S2)3/JM(E-S3)1,3520.2916,7758.9674,1.5,1.0-1.5,1,1.5,,/,134,82.7,84.6,6.4,60.3,7008,/,/,/,/,煤气厂,,
JM(R2-S2)3/JM(E-S3)1,3520.2916,7758.9674,4,3.5-4.0,3.5,4,,/,0.3,0.2,0.2,<0.1,0.2,12.2,/,/,/,/,煤气厂,,
JM(R2-S2)4,3523.5425,7736.3083,0.5,0-0.5,0,0.5,,/,0.6,0.4,0.4,<0.1,0.3,12.2,/,/,/,/,煤气厂,,
JM(R2-S2)4,3523.5425,7736.3083,1.5,1.0-1.5,1,1.5,,/,0.2,0.1,0.2,<0.1,0.1,13.4,/,/,/,/,煤气厂,,
JM(R2-S2)4,3523.5425,7736.3083,4,3.5-4.0,3.5,4,,/,1.2,0.8,0.8,<0.1,0.5,22.8,/,/,/,/,煤气厂,,
JM(E-S1)2,3569.5676,7785.8073,0.5,0-0.5,0,0.5,,/,4.9,2.9,6.6,<0.1,3.8,2.14,/,/,/,/,煤气厂,,
JM(E-S1)2,3569.5676,7785.8073,1.5,1.0-1.5,1,1.5,,/,7.2,4,9.2,<0.1,4.9,3.85,/,/,/,/,煤气厂,,
JM(E-S1)2,3569.5676,7785.8073,4,3.5-4.0,3.5,4,,/,<0.1,<0.1,<0.2,<0.1,<0.1,<0.09,/,/,/,/,煤气厂,,
JM(E-S1)3,3547.7738,7783.2677,0.5,0-0.5,0,0.5,,/,<0.1,<0.1,<0.2,<0.1,<0.1,<0.09,/,/,/,/,煤气厂,,
JM(E-S1)3,3547.7738,7783.2677,1.5,1.0-1.5,1,1.5,,/,<0.1,<0.1,<0.2,<0.1,<0.1,0.22,/,/,/,/,煤气厂,,
JM(M-S17)1,3511.2632,7701.2909,0.5,0-0.5,0,0.5,,/,1.3,0.9,1.1,<0.1,0.6,8.8,/,/,/,/,煤气厂,,
JM(M-S17)1,3511.2632,7701.2909,1.5,1.0-1.5,1,1.5,,/,59.4,34.9,40.9,5.6,28.2,51.8,/,/,/,/,煤气厂,,
JM(M-S17)1,3511.2632,7701.2909,4,3.5-4.0,3.5,4,,/,<0.1,<0.1,<0.2,<0.1,<0.1,<0.09,/,/,/,/,煤气厂,,
JM(M-S17)1,3511.2632,7701.2909,6,5.5-6.0,5.5,6,,/,<0.1,<0.1,<0.2,<0.1,<0.1,<0.09,/,/,/,/,煤气厂,,
JM(M-S17)2,3508.0088,7724.5936,0.5,0-0.5,0,0.5,,/,5.3,6.4,6,<0.1,2.8,85.5,/,/,/,/,煤气厂,,
JM(M-S17)2,3508.0088,7724.5936,1.5,1.0-1.5,1,1.5,,/,1.1,1.2,1.3,<0.1,0.6,1.83,/,/,/,/,煤气厂,,
JM(M-S17)3,3487.9993,7722.2795,0.5,0-0.5,0,0.5,,/,27.2,25.9,28.8,4.8,12.7,59.6,/,/,/,/,煤气厂,,
JM(M-S17)3,3487.9993,7722.2795,1.5,1.0-1.5,1,1.5,,/,18.2,17.6,15.9,3.2,7.3,89.8,/,/,/,/,煤气厂,,
JM(M-S17)3,3487.9993,7722.2795,4,3.5-4.0,3.5,4,,/,<0.1,<0.1,<0.2,<0.1,<0.1,<0.09,/,/,/,/,煤气厂,,
JM(M-S17)3,3487.9993,7722.2795,6,5.5-6.0,5.5,6,,/,<0.1,<0.1,<0.2,<0.1,<0.1,0.13,/,/,/,/,煤气厂,,
JM(M-S17)4,3490.3283,7702.2582,0.5,0-0.5,0,0.5,,/,9.7,6.8,7.1,1.1,4.7,39.8,0.16,/,/,/,煤气厂,,
JM(M-S17)4,3490.3283,7702.2582,1.5,1.0-1.5,1,1.5,,/,9.4,6.6,7,1.3,4.8,45.8,0.09,/,/,/,煤气厂,,
JM(M-S17)4,3490.3283,7702.2582,4,3.5-4.0,3.5,4,,/,<0.1,<0.1,<0.2,<0.1,<0.1,0.17,0.04,/,/,/,煤气厂,,
JM(M-S17)4,3490.3283,7702.2582,6,5.5-6.0,5.5,6,,/,<0.1,<0.1,<0.2,<0.1,<0.1,<0.09,0.02,/,/,/,煤气厂,,
M-S16,3468.3564,7701.1037,4,3.5-4.0,3.5,4,,/,5,5.9,6.5,1,2.3,216,10,/,/,/,煤气厂,,
JM(M-S16)1,3480.6497,7690.7461,0.5,0-0.5,0,0.5,,/,6.6,5.8,4.4,0.9,3.2,12.8,1.8,/,/,/,煤气厂,,
JM(M-S16)1,3480.6497,7690.7461,1.5,1.0-1.5,1,1.5,,/,1.5,1.1,1.1,0.2,0.7,41.4,10.4,/,/,/,煤气厂,,
JM(M-S16)1,3480.6497,7690.7461,4,3.5-4.0,3.5,4,,/,38.6,26.5,28.8,4.3,18.9,1157,48.5,/,/,/,煤气厂,,
JM(M-S16)1,3480.6497,7690.7461,6,5.5-6.0,5.5,6,,/,<0.1,<0.1,<0.2,<0.1,<0.1,16.7,6.46,/,/,/,煤气厂,,
JM(M-S16)1,3480.6497,7690.7461,8,7.5-8.0,7.5,8,,/,<0.1,<0.1,<0.2,<0.1,<0.1,<0.09,0.6,/,/,/,煤气厂,,
JM(M-S16)2,3478.6179,7712.0127,0.5,0-0.5,0,0.5,,/,2.3,1.3,1.6,<0.1,1.1,4.67,1.39,/,/,/,煤气厂,,
JM(M-S16)2,3478.6179,7712.0127,1.5,1.0-1.5,1,1.5,,/,<0.1,<0.1,<0.2,<0.1,<0.1,0.64,1.08,/,/,/,煤气厂,,
JM(M-S16)2,3478.6179,7712.0127,4,3.5-4.0,3.5,4,,/,3.5,2.4,1.9,0.7,1.9,42.2,<0.0019,/,/,/,煤气厂,,
JM(M-S16)2,3478.6179,7712.0127,6,5.5-6.0,5.5,6,,/,2.21,1.4,0.98,0.27,1.95,23.35,/,/,/,/,煤气厂,,
JM(M-S16)2,3478.6179,7712.0127,8,7.5-8.0,7.5,8,,/,<0.1,<0.1,<0.2,<0.1,<0.1,<0.09,/,/,/,/,煤气厂,,
JM(M-S16)3,3455.759,7711.0893,0.5,0-0.5,0,0.5,,/,<0.1,<0.1,<0.2,<0.1,<0.1,8.27,1.51,/,/,/,煤气厂,,
JM(M-S16)3,3455.759,7711.0893,1.5,1.0-1.5,1,1.5,,/,<0.1,<0.1,<0.2,<0.1,<0.1,5.9,17.4,/,/,/,煤气厂,,
JM(M-S16)3,3455.759,7711.0893,4,3.5-4.0,3.5,4,,/,<0.1,<0.1,<0.2,<0.1,<0.1,0.11,0.48,/,/,/,煤气厂,,
JM(M-S16)4,3458.3708,7688.5063,0.5,0-0.5,0,0.5,,/,8.6,5.5,5.6,1.2,4.5,2.51,0.43,/,/,/,煤气厂,,
JM(M-S16)4,3458.3708,7688.5063,1.5,1.0-1.5,1,1.5,,/,0.2,0.3,0.2,<0.1,0.1,0.68,<0.0019,/,/,/,煤气厂,,
JM(M-S16)4,3458.3708,7688.5063,4,3.5-4.0,3.5,4,,/,0.5,0.4,0.3,<0.1,0.2,14.6,<0.0019,/,/,/,煤气厂,,
E-S2,3475.9285,7742.795,4,3.5-4.0,3.5,4,,/,4.4,7.3,2.7,0.6,2.4,51.7,/,/,/,/,煤气厂,,
JM(E-S2)1,3486.1583,7735.7849,0.5,0-0.5,0,0.5,,/,55.02,62.85,27.12,6.65,26.84,74.31,/,/,/,/,煤气厂,,
JM(E-S2)1,3486.1583,7735.7849,1.5,1.0-1.5,1,1.5,,/,2.2,4,1.5,0.4,1.1,22.4,/,/,/,/,煤气厂,,
JM(E-S2)1,3486.1583,7735.7849,4,3.5-4.0,3.5,4,,/,0.3,0.3,0.2,<0.1,0.1,13.4,/,/,/,/,煤气厂,,
JM(E-S2)2,3486.4745,7757.8776,0.5,0-0.5,0,0.5,,/,0.2,0.3,0.3,<0.1,0.1,0.96,/,/,/,/,煤气厂,,
JM(E-S2)2,3486.4745,7757.8776,1.5,1.0-1.5,1,1.5,,/,<0.1,0.2,<0.2,<0.1,<0.1,0.34,/,/,/,/,煤气厂,,
JM(E-S2)2,3486.4745,7757.8776,4,3.5-4.0,3.5,4,,/,0.6,1,0.6,0.1,0.3,3.68,/,/,/,/,煤气厂,,
JM(E-S2)3,3464.9224,7750.3423,0.5,0-0.5,0,0.5,,/,55.1,76.2,45.6,6.3,23.2,1194,/,/,/,/,煤气厂,,
JM(E-S2)3,3464.9224,7750.3423,1.5,1.0-1.5,1,1.5,,/,4.3,10.4,5.5,0.7,2.3,204,/,/,/,/,煤气厂,,
JM(E-S2)3,3464.9224,7750.3423,4,3.5-4.0,3.5,4,,/,<0.1,<0.1,<0.2,<0.1,<0.1,0.12,/,/,/,/,煤气厂,,
JM(E-S2)4,3466.9041,7729.8505,0.5,0-0.5,0,0.5,,/,17.5,16.8,13.3,1.9,7.9,13.5,<0.0019,/,/,/,煤气厂,,
JM(E-S2)4,3466.9041,7729.8505,1.5,1.0-1.5,1,1.5,,/,0.5,0.5,0.3,<0.1,0.2,4.56,<0.0019,/,/,/,煤气厂,,
JM(E-S2)4,3466.9041,7729.8505,4,3.5-4.0,3.5,4,,/,<0.1,<0.1,<0.2,<0.1,<0.1,5.48,/,/,/,/,煤气厂,,
JM(E-S3)2,3516.7344,7779.4271,0.5,0-0.5,0,0.5,,/,0.4,0.9,0.6,0.1,0.5,0.1,/,/,/,/,煤气厂,,
JM(E-S3)2,3516.7344,7779.4271,1.5,1.0-1.5,1,1.5,,/,0.6,1.6,0.8,0.2,0.6,0.11,/,/,/,/,煤气厂,,
JM(E-S3)3,3497.2226,7773.5251,0.5,0-0.5,0,0.5,,/,<0.1,<0.1,<0.2,<0.1,<0.1,0.14,/,/,/,/,煤气厂,,
JM(E-S3)3,3497.2226,7773.5251,1.5,1.0-1.5,1,1.5,,/,<0.1,<0.1,<0.2,<0.1,<0.1,<0.09,/,/,/,/,煤气厂,,
JM(E-S3)4,3499.2443,7751.0422,0.5,0-0.5,0,0.5,,/,0.7,1.5,0.8,0.1,0.4,9.15,/,/,/,/,煤气厂,,
JM(E-S3)4,3499.2443,7751.0422,1.5,1.0-1.5,1,1.5,,/,4,6.1,5.2,0.8,3,12.6,/,/,/,/,煤气厂,,
JM(E-S3)4,3499.2443,7751.0422,4,3.5-4.0,3.5,4,,/,<0.1,<0.1,<0.2,<0.1,<0.1,<0.09,/,/,/,/,煤气厂,,
E-S4,3524.7026,7801.5213,4,3.5-4.0,3.5,4,,/,1.9,3.3,1.5,0.3,1.2,34.9,/,/,/,/,煤气厂,,
JM(E-S4)1,3535.6093,7792.8759,0.5,0-0.5,0,0.5,,/,0.5,0.8,0.5,0.1,0.4,0.23,/,/,/,/,煤气厂,,
JM(E-S4)1,3535.6093,7792.8759,1.5,1.0-1.5,1,1.5,,/,<0.1,<0.1,<0.2,<0.1,<0.1,12,/,/,/,/,煤气厂,,
JM(E-S4)1,3535.6093,7792.8759,4,3.5-4.0,3.5,4,,/,1.26,2.8,1.5,0.2,0.7,51.17,/,/,/,/,煤气厂,,
JM(E-S4)2,3533.348,7812.428,0.5,0-0.5,0,0.5,,/,0.2,0.4,0.3,<0.1,0.2,0.33,/,/,/,/,煤气厂,,
JM(E-S4)2,3533.348,7812.428,1.5,1.0-1.5,1,1.5,,/,0.3,0.6,0.4,0.1,0.2,1.16,/,/,/,/,煤气厂,,
JM(E-S4)2,3533.348,7812.428,4,3.5-4.0,3.5,4,,/,<0.1,0.2,<0.2,<0.1,<0.1,0.1,/,/,/,/,煤气厂,,
JM(E-S4)3,3514.0672,7810.4983,0.5,0-0.5,0,0.5,,/,<0.1,<0.1,<0.2,<0.1,<0.1,0.78,/,/,/,/,煤气厂,,
JM(E-S4)3,3514.0672,7810.4983,1.5,1.0-1.5,1,1.5,,/,<0.1,<0.1,<0.2,<0.1,<0.1,0.29,/,/,/,/,煤气厂,,
JM(E-S4)3,3514.0672,7810.4983,4,3.5-4.0,3.5,4,,/,<0.1,<0.1,<0.2,<0.1,<0.1,0.39,/,/,/,/,煤气厂,,
JM(E-S4)4,3516.0182,7790.0775,0.5,0-0.5,0,0.5,,/,<0.1,<0.1,<0.2,<0.1,<0.1,<0.09,/,/,/,/,煤气厂,,
JM(E-S4)4,3516.0182,7790.0775,1.5,1.0-1.5,1,1.5,,/,0.4,0.6,0.3,0.1,0.2,4.8,/,/,/,/,煤气厂,,
JM(E-S4)4,3516.0182,7790.0775,4,3.5-4.0,3.5,4,,/,<0.1,<0.1,<0.2,<0.1,<0.1,0.14,/,/,/,/,煤气厂,,
JM(E-S8)1,3503.3198,7819.8512,0.5,0-0.5,0,0.5,,/,<0.1,<0.1,<0.2,<0.1,<0.1,0.12,/,/,/,/,煤气厂,,
JM(E-S8)1,3503.3198,7819.8512,1.5,1.0-1.5,1,1.5,,/,0.5,0.5,1.6,0.2,0.9,<0.09,/,/,/,/,煤气厂,,
JM(E-S8)2,3501.5186,7840.375,0.5,0-0.5,0,0.5,,/,0.3,0.2,0.4,<0.1,0.2,0.21,/,/,/,/,煤气厂,,
JM(E-S8)2,3501.5186,7840.375,1.5,1.0-1.5,1,1.5,,/,25.3,14.3,14.1,2.7,12.3,1364,/,/,/,/,煤气厂,,
JM(E-S8)2,3501.5186,7840.375,4,3.5-4.0,3.5,4,,/,<0.1,<0.1,<0.2,<0.1,<0.1,<0.09,/,/,/,/,煤气厂,,
JM(E-S8)3,3481.5947,7838.0707,0.5,0-0.5,0,0.5,,/,19.7,11.1,13,2.2,10.1,1071,/,/,/,/,煤气厂,,
JM(E-S8)3,3481.5947,7838.0707,1.5,1.0-1.5,1,1.5,,/,0.8,0.6,0.7,0.1,0.4,0.18,/,/,/,/,煤气厂,,
JM(E-S8)4,3483.899,7818.1468,0.5,0-0.5,0,0.5,,/,0.2,<0.1,0.1,<0.1,<0.1,5.04,/,/,/,/,煤气厂,,
JM(E-S8)4,3483.899,7818.1468,1.5,1.0-1.5,1,1.5,,/,3.6,2.1,3.1,0.4,2.2,4.88,/,/,/,/,煤气厂,,
JM(E-S8)4,3483.899,7818.1468,4,3.5-4.0,3.5,4,,/,<0.1,<0.1,<0.2,<0.1,<0.1,<0.09,/,/,/,/,煤气厂,,
JM(E-S7)1,3475.5566,7781.4702,0.5,0-0.5,0,0.5,,/,1.5,1.1,1.3,0.2,1,5.37,/,/,/,/,煤气厂,,
JM(E-S7)1,3475.5566,7781.4702,1.5,1.0-1.5,1,1.5,,/,16.2,8.9,7.1,4,7.8,4.09,/,/,/,/,煤气厂,,
JM(E-S7)1,3475.5566,7781.4702,4,3.5-4.0,3.5,4,,/,2,1,1.2,0.2,1,1.64,/,/,/,/,煤气厂,,
JM(E-S7)1,3475.5566,7781.4702,6,5.5-6.0,5.5,6,,/,<0.1,<0.1,<0.2,<0.1,<0.1,<0.09,/,/,/,/,煤气厂,,
JM(E-S7)2,3473.3884,7804.9221,0.5,0-0.5,0,0.5,,/,6.5,1.9,7.8,1.4,5.3,2.82,/,/,/,/,煤气厂,,
JM(E-S7)2,3473.3884,7804.9221,1.5,1.0-1.5,1,1.5,,/,<0.1,<0.1,<0.2,<0.1,<0.1,<0.09,/,/,/,/,煤气厂,,
JM(E-S7)2,3473.3884,7804.9221,4,3.5-4.0,3.5,4,,/,<0.1,<0.1,<0.2,<0.1,<0.1,<0.09,/,/,/,/,煤气厂,,
JM(E-S7)3,3449.602,7801.8343,0.5,0-0.5,0,0.5,,/,26.7,15.3,14.6,3.4,13.6,9.16,/,/,/,/,煤气厂,,
JM(E-S7)3,3449.602,7801.8343,1.5,1.0-1.5,1,1.5,,/,29.52,30.93,16.15,<0.1,12.72,6.74,/,/,/,/,煤气厂,,
JM(E-S7)3,3449.602,7801.8343,4,3.5-4.0,3.5,4,,/,<0.1,<0.1,<0.2,<0.1,<0.1,<0.09,/,/,/,/,煤气厂,,
JM(E-S7)4,3453.1522,7778.4233,0.5,0-0.5,0,0.5,,/,<0.1,<0.1,<0.2,<0.1,<0.1,<0.09,/,/,/,/,煤气厂,,
JM(E-S7)4,3453.1522,7778.4233,1.5,1.0-1.5,1,1.5,,/,0.2,<0.1,<0.2,<0.1,<0.1,<0.09,/,/,/,/,煤气厂,,
JM(E-S7)4,3453.1522,7778.4233,4,3.5-4.0,3.5,4,,/,<0.1,<0.1,<0.2,<0.1,<0.1,0.18,/,/,/,/,煤气厂,,
E-S5,3416.3366,7741.1964,4,3.5-4.0,3.5,4,,/,42.9,37.9,29.4,4.3,14,432,/,/,/,/,煤气厂,,
E-S5,3416.3366,7741.1964,7,6.5-7.0,6.5,7,,/,6,6.6,4.5,0.6,2,74.8,/,/,/,/,煤气厂,,
E-S5,3416.3366,7741.1964,8,7.5-8.0,7.5,8,,/,<0.1,<0.1,<0.2,<0.1,<0.1,<0.09,/,/,/,/,煤气厂,,
JM(E-S5)1,3427.4469,7732.3896,0.5,0-0.5,0,0.5,,/,48.9,59.5,32,1.8,16.2,69.4,/,/,/,/,煤气厂,,
JM(E-S5)1,3427.4469,7732.3896,1.5,1.0-1.5,1,1.5,,/,139,184,85.9,16.6,46,375,/,/,/,/,煤气厂,,
JM(E-S5)1,3427.4469,7732.3896,4,3.5-4.0,3.5,4,,/,2,2.2,1.7,0.3,0.9,4.15,/,/,/,/,煤气厂,,
JM(E-S5)1,3427.4469,7732.3896,6,5.5-6.0,5.5,6,,/,13.2,17.2,15.6,2,4.2,16.5,/,/,/,/,煤气厂,,
JM(E-S5)1,3427.4469,7732.3896,8,7.5-8.0,7.5,8,,/,<0.1,<0.1,<0.2,<0.1,<0.1,<0.09,<0.0019,/,/,/,煤气厂,,
JM(E-S5)2,3425.9757,7751.5929,0.5,0-0.5,0,0.5,,/,237,169,172,9.3,69.5,3670,/,/,/,/,煤气厂,,
JM(E-S5)2,3425.9757,7751.5929,1.5,1.0-1.5,1,1.5,,/,11.1,7.5,7.4,1.2,5.1,321,/,/,/,/,煤气厂,,
JM(E-S5)2,3425.9757,7751.5929,4,3.5-4.0,3.5,4,,/,<0.1,<0.1,<0.2,<0.1,<0.1,16.6,/,/,/,/,煤气厂,,
JM(E-S5)2,3425.9757,7751.5929,6,5.5-6.0,5.5,6,,/,<0.1,<0.1,<0.2,<0.1,<0.1,0.16,/,/,/,/,煤气厂,,
JM(E-S5)3,3405.2263,7750.0032,0.5,0-0.5,0,0.5,,/,18.1,11.5,12.2,<0.1,10,30.8,/,/,/,/,煤气厂,,
JM(E-S5)3,3405.2263,7750.0032,1.5,1.0-1.5,1,1.5,,/,19.9,11.4,14.5,2.8,10.9,33.3,/,/,/,/,煤气厂,,
JM(E-S5)3,3405.2263,7750.0032,4,3.5-4.0,3.5,4,,/,30.7,19.5,22.4,3.7,14.8,233,/,/,/,/,煤气厂,,
JM(E-S5)3,3405.2263,7750.0032,6,5.5-6.0,5.5,6,,/,5.5,3.9,3.7,0.7,2.2,25.03,/,/,/,/,煤气厂,,
JM(E-S5)3,3405.2263,7750.0032,8,7.5-8.0,7.5,8,,/,<0.1,<0.1,<0.2,<0.1,<0.1,<0.09,<0.0019,/,/,/,煤气厂,,
JM(E-S5)4,3407.5298,7730.0861,0.5,0-0.5,0,0.5,,/,10,5.9,8,<0.1,5.8,8.25,/,/,/,/,煤气厂,,
JM(E-S5)4,3407.5298,7730.0861,1.5,1.0-1.5,1,1.5,,/,18.7,13.1,14.6,2.5,8.8,43.5,/,/,/,/,煤气厂,,
JM(E-S5)4,3407.5298,7730.0861,4,3.5-4.0,3.5,4,,/,13.2,8.8,8.8,1.6,6.5,18.3,/,/,/,/,煤气厂,,
JM(E-S5)4,3407.5298,7730.0861,6,5.5-6.0,5.5,6,,/,9.1,6.2,5.6,1.1,4.6,65,/,/,/,/,煤气厂,,
JM(E-S5)4,3407.5298,7730.0861,8,7.5-8.0,7.5,8,,/,<0.1,<0.1,<0.2,<0.1,<0.1,<0.09,<0.0019,/,/,/,煤气厂,,
M-S11,3465.7039,7638.7363,4,3.5-4.0,3.5,4,,/,<0.1,<0.1,<0.2,<0.1,<0.1,<0.09,/,/,/,/,煤气厂,,
M-S11,3465.7039,7638.7363,6,5.5-6.0,5.5,6,,/,<0.1,<0.1,<0.2,<0.1,<0.1,<0.09,/,/,/,/,煤气厂,,
JM(M-S11)1,3473.5405,7632.5244,0.5,0-0.5,0,0.5,,/,0.1,<0.1,<0.2,<0.1,<0.1,0.75,/,/,/,/,煤气厂,,
JM(M-S11)1,3473.5405,7632.5244,1.5,1.0-1.5,1,1.5,,/,<0.1,<0.1,<0.2,<0.1,<0.1,1.09,/,/,/,/,煤气厂,,
JM(M-S11)1,3473.5405,7632.5244,4,3.5-4.0,3.5,4,,/,<0.1,<0.1,<0.2,<0.1,<0.1,<0.09,/,/,/,/,煤气厂,,
JM(M-S11)1,3473.5405,7632.5244,6,5.5-6.0,5.5,6,,/,<0.1,<0.1,<0.2,<0.1,<0.1,<0.09,/,/,/,/,煤气厂,,
JM(M-S11)2,3471.9158,7646.5729,0.5,0-0.5,0,0.5,,/,<0.1,<0.1,<0.2,<0.1,<0.1,<0.09,/,/,/,/,煤气厂,,
JM(M-S11)2,3471.9158,7646.5729,1.5,1.0-1.5,1,1.5,,/,<0.1,<0.1,<0.2,<0.1,<0.1,<0.09,/,/,/,/,煤气厂,,
JM(M-S11)2,3471.9158,7646.5729,4,3.5-4.0,3.5,4,,/,<0.1,<0.1,<0.2,<0.1,<0.1,<0.09,/,/,/,/,煤气厂,,
JM(M-S11)2,3471.9158,7646.5729,6,5.5-6.0,5.5,6,,/,0.3,1,0.7,<0.1,0.1,<0.09,/,/,/,/,煤气厂,,
JM(M-S11)3,3457.8673,7644.9482,0.5,0-0.5,0,0.5,,/,<0.1,<0.1,<0.2,<0.1,<0.1,<0.09,/,/,/,/,煤气厂,,
JM(M-S11)3,3457.8673,7644.9482,1.5,1.0-1.5,1,1.5,,/,0.2,<0.1,<0.2,<0.1,<0.1,0.5,/,/,/,/,煤气厂,,
JM(M-S11)3,3457.8673,7644.9482,4,3.5-4.0,3.5,4,,/,<0.1,<0.1,<0.2,<0.1,<0.1,0.14,/,/,/,/,煤气厂,,
JM(M-S11)3,3457.8673,7644.9482,6,5.5-6.0,5.5,6,,/,<0.1,<0.1,<0.2,<0.1,<0.1,<0.09,/,/,/,/,煤气厂,,
JM(M-S11)4,3461.6946,7633.7924,0.5,0-0.5,0,0.5,,/,0.8,0.6,0.7,0.1,0.4,1.13,/,/,/,/,煤气厂,,
JM(M-S11)4,3461.6946,7633.7924,1.5,1.0-1.5,1,1.5,,/,<0.1,<0.1,<0.2,<0.1,<0.1,0.23,/,/,/,/,煤气厂,,
JM(M-S11)4,3461.6946,7633.7924,4,3.5-4.0,3.5,4,,/,<0.1,<0.1,<0.2,<0.1,<0.1,<0.09,/,/,/,/,煤气厂,,
JM(M-S11)4,3461.6946,7633.7924,6,5.5-6.0,5.5,6,,/,<0.1,<0.1,<0.2,<0.1,<0.1,<0.09,/,/,/,/,煤气厂,,
JM2(S1),3728.24,7559.953,0.5,0-0.5,0,0.5,,/,0.2,0.4,0.3,<0.1,0.2,3.55,/,/,/,/,煤气厂,,
JM2(S1),3728.24,7559.953,1.5,1.0-1.5,1,1.5,,/,<0.1,<0.1,<0.2,<0.1,<0.1,<0.09,/,/,/,/,煤气厂,,
JM2(S2),3722.8627,7575.4343,0.5,0-0.5,0,0.5,,/,<0.1,<0.1,<0.2,<0.1,<0.1,0.72,/,/,/,/,煤气厂,,
JM2(S2),3722.8627,7575.4343,1.5,1.0-1.5,1,1.5,,/,<0.1,<0.1,<0.2,<0.1,<0.1,<0.09,/,/,/,/,煤气厂,,
JM2(S3),3701.2139,7572.0839,0.5,0-0.5,0,0.5,,/,<0.1,<0.1,<0.2,<0.1,<0.1,<0.09,/,/,/,/,煤气厂,,
JM2(S3),3701.2139,7572.0839,1.5,1.0-1.5,1,1.5,,/,0.4,1.1,0.4,<0.1,0.2,<0.09,/,/,/,/,煤气厂,,
JM2(S4),3675.728,7552.5357,0.5,0-0.5,0,0.5,,/,1.4,3.4,1.9,0.5,1.2,<0.09,/,/,/,/,煤气厂,,
JM2(S4),3675.728,7552.5357,1.5,1.0-1.5,1,1.5,,/,<0.1,<0.1,<0.2,<0.1,<0.1,<0.09,/,/,/,/,煤气厂,,
JM2(S4),3675.728,7552.5357,4,3.5-4.0,3.5,4,,/,<0.1,<0.1,<0.2,<0.1,<0.1,<0.09,/,/,/,/,煤气厂,,
JM2(S5),3671.0093,7611.6138,0.5,0-0.5,0,0.5,,/,0.4,0.7,0.7,<0.1,0.3,<0.09,/,/,/,/,煤气厂,,
JM2(S5),3671.0093,7611.6138,1.5,1.0-1.5,1,1.5,,/,<0.1,<0.1,<0.2,<0.1,<0.1,<0.09,/,/,/,/,煤气厂,,
JM2(S6),3684.7308,7629.2878,0.5,0-0.5,0,0.5,,/,<0.1,<0.1,<0.2,<0.1,<0.1,<0.09,/,/,/,/,煤气厂,,
JM2(S6),3684.7308,7629.2878,1.5,1.0-1.5,1,1.5,,/,<0.1,<0.1,<0.2,<0.1,<0.1,<0.09,/,/,/,/,煤气厂,,
JM2(S7),3681.488,7668.7303,0.5,0-0.5,0,0.5,,/,<0.1,<0.1,<0.2,<0.1,<0.1,0.55,/,/,/,/,煤气厂,,
JM2(S7),3681.488,7668.7303,1.5,1.0-1.5,1,1.5,,/,2.6,6.4,3.6,0.6,1.7,6.07,/,/,/,/,煤气厂,,
JM2(S7),3681.488,7668.7303,4,3.5-4.0,3.5,4,,/,0.56,0.79,0.78,<0.1,0.31,<0.09,/,/,/,/,煤气厂,,
JM2(S8),3661.2413,7516.1982,0.5,0-0.5,0,0.5,,/,0.7,1.2,1,0.2,0.4,0.21,/,/,/,/,煤气厂,,
JM2(S8),3661.2413,7516.1982,1.5,1.0-1.5,1,1.5,,/,<0.1,<0.1,<0.2,<0.1,<0.1,<0.09,/,/,/,/,煤气厂,,
JM2(S9),3656.3269,7541.9124,0.5,0-0.5,0,0.5,,/,1.2,2.4,1.5,0.4,0.8,<0.09,/,/,/,/,煤气厂,,
JM2(S9),3656.3269,7541.9124,1.5,1.0-1.5,1,1.5,,/,<0.1,<0.1,<0.2,<0.1,<0.1,<0.09,/,/,/,/,煤气厂,,
JM2(S10),3666.0164,7709.8765,0.5,0-0.5,0,0.5,,/,<0.1,<0.1,<0.2,<0.1,<0.1,0.21,/,/,/,/,煤气厂,,
JM2(S10),3666.0164,7709.8765,1.5,1.0-1.5,1,1.5,,/,<0.1,<0.1,<0.2,<0.1,<0.1,14.8,/,/,/,/,煤气厂,,
JM2(S11),3655.98785,7680.87585,0.5,0-0.5,0,0.5,,/,<0.1,<0.1,<0.2,<0.1,<0.1,0.64,0.38,0.21,/,/,煤气厂,,
JM2(S11),3655.98785,7680.87585,1.5,1.0-1.5,1,1.5,,/,<0.1,0.2,<0.2,<0.1,<0.1,0.62,0.53,0.98,/,/,煤气厂,,
JM2(S12),3644.48998,7652.15969,0.5,0-0.5,0,0.5,,/,0.2,0.3,0.4,<0.1,0.2,1.92,<0.0019,<0.0012,/,/,煤气厂,,
JM2(S12),3644.48998,7652.15969,1.5,1.0-1.5,1,1.5,,/,4.2,10,6.4,1.2,2.6,2.99,<0.0019,<0.0012,/,/,煤气厂,,
JM2(S12),3644.48998,7652.15969,4,3.5-4.0,3.5,4,,/,<0.1,<0.1,<0.2,<0.1,<0.1,<0.09,/,/,/,/,煤气厂,,
JM2(S13),3650.69413,7700.10947,0.5,0-0.5,0,0.5,,/,0.2,0.3,0.3,<0.1,0.1,1.13,/,/,/,/,煤气厂,,
JM2(S13),3650.69413,7700.10947,1.5,1.0-1.5,1,1.5,,/,0.1,0.2,0.2,<0.1,0.1,0.68,/,/,/,/,煤气厂,,
JM2(S14),3652.0734,7721.5175,0.5,0-0.5,0,0.5,,9.93,4.3,7.5,6,0.8,2.8,3.51,<0.0019,<0.0012,536,32.8,煤气厂,,
JM2(S14),3652.0734,7721.5175,1.5,1.0-1.5,1,1.5,,8.39,3.5,8,6,0.6,2.9,8.41,<0.0019,<0.0012,1053,58.7,煤气厂,,
JM2(S14),3652.0734,7721.5175,4,3.5-4.0,3.5,4,,9.92,<0.1,<0.1,<0.2,<0.1,<0.1,1.5,<0.0019,<0.0012,86,25.1,煤气厂,,
JM2(S14),3652.0734,7721.5175,6,5.5-6.0,5.5,6,,9.84,<0.1,<0.1,<0.2,<0.1,<0.1,0.51,<0.0019,<0.0012,50,7.38,煤气厂,,
JM2(S15),3637.6564,7684.5203,0.5,0-0.5,0,0.5,,/,0.3,0.5,0.4,<0.1,0.2,0.68,0.88,0.14,/,/,煤气厂,,
JM2(S15),3637.6564,7684.5203,1.5,1.0-1.5,1,1.5,,/,0.7,1.2,1.1,<0.1,0.4,0.96,0.19,<0.0012,/,/,煤气厂,,
JM2(S16),3631.4438,7718.1368,0.5,0-0.5,0,0.5,,/,1.1,2.7,1.9,0.4,1.1,0.65,<0.0019,/,/,47.9,煤气厂,,
JM2(S16),3631.4438,7718.1368,1.5,1.0-1.5,1,1.5,,/,<0.1,<0.1,<0.2,<0.1,<0.1,<0.09,<0.0019,/,/,24.9,煤气厂,,
JM2(S16),3631.4438,7718.1368,4,3.5-4.0,3.5,4,,/,<0.1,<0.1,<0.2,<0.1,<0.1,<0.09,<0.0019,/,/,29.1,煤气厂,,
JM2(S16),3631.4438,7718.1368,6,5.5-6.0,5.5,6,,/,<0.1,<0.1,<0.2,<0.1,<0.1,<0.09,<0.0019,/,/,27.8,煤气厂,,
JM2(S17),3630.2572,7749.6102,0.5,0-0.5,0,0.5,,/,1,1.8,1.8,0.2,0.9,0.98,<0.0019,/,111,24.3,煤气厂,,
JM2(S17),3630.2572,7749.6102,1.5,1.0-1.5,1,1.5,,/,<0.1,<0.1,<0.2,<0.1,<0.1,<0.09,<0.0019,/,11,9.51,煤气厂,,
JM2(S17),3630.2572,7749.6102,4,3.5-4.0,3.5,4,,/,<0.1,<0.1,<0.2,<0.1,<0.1,<0.09,<0.0019,/,10,5.9,煤气厂,,
JM2(S17),3630.2572,7749.6102,6,5.5-6.0,5.5,6,,/,<0.1,<0.1,<0.2,<0.1,<0.1,<0.09,<0.0019,/,/,6.18,煤气厂,,
JM2(S18),3624.8546,7619.8706,0.5,0-0.5,0,0.5,,/,0.2,0.8,0.6,<0.1,<0.1,0.23,<0.0019,/,/,/,煤气厂,,
JM2(S18),3624.8546,7619.8706,1.5,1.0-1.5,1,1.5,,/,0.3,0.2,0.3,<0.1,0.3,0.38,<0.0019,/,/,/,煤气厂,,
JM2(S18),3624.8546,7619.8706,4,3.5-4.0,3.5,4,,/,<0.1,<0.1,<0.2,<0.1,<0.1,<0.09,<0.0019,/,/,/,煤气厂,,
JM2(S18),3624.8546,7619.8706,6,5.5-6.0,5.5,6,,/,<0.1,<0.1,<0.2,<0.1,<0.1,0.19,<0.0019,/,/,/,煤气厂,,
JM2(S19),3623.1963,7675.1149,0.5,0-0.5,0,0.5,,/,0.5,0.5,0.7,0.3,1.1,65.9,1.09,0.91,/,/,煤气厂,,
JM2(S19),3623.1963,7675.1149,1.5,1.0-1.5,1,1.5,,/,<0.1,<0.1,<0.2,<0.1,<0.1,39.9,1.22,<0.0012,/,/,煤气厂,,
JM2(S19),3623.1963,7675.1149,4,3.5-4.0,3.5,4,,/,<0.1,<0.1,<0.2,<0.1,<0.1,194,26.1,<0.0012,/,/,煤气厂,,
JM2(S19),3623.1963,7675.1149,6,5.5-6.0,5.5,6,,/,1.3,1.1,0.6,0.3,1.2,5.41,0.13,/,/,/,煤气厂,,
JM2(S20),3620.0118,7702.9495,0.5,0-0.5,0,0.5,,/,1.1,1.2,1.2,0.3,0.9,0.48,0.85,/,/,176,煤气厂,,
JM2(S20),3620.0118,7702.9495,1.5,1.0-1.5,1,1.5,,/,0.5,1.1,0.6,0.2,0.4,30.5,3.29,/,/,18.5,煤气厂,,
JM2(S20),3620.0118,7702.9495,4,3.5-4.0,3.5,4,,/,<0.1,<0.1,<0.2,<0.1,<0.1,39,13.2,/,/,7.67,煤气厂,,
JM2(S20),3620.0118,7702.9495,6,5.5-6.0,5.5,6,,/,<0.1,<0.1,<0.2,<0.1,<0.1,0.13,1.88,/,/,4.94,煤气厂,,
JM2(S21),3602.879,7619.7236,0.5,0-0.5,0,0.5,,/,5.4,3,5,1.6,7.6,1.55,<0.0019,/,/,/,煤气厂,,
JM2(S21),3602.879,7619.7236,1.5,1.0-1.5,1,1.5,,/,<0.1,<0.1,<0.2,<0.1,<0.1,<0.09,<0.0019,/,/,/,煤气厂,,
JM2(S21),3602.879,7619.7236,4,3.5-4.0,3.5,4,,/,<0.1,<0.1,<0.2,<0.1,<0.1,<0.09,<0.0019,/,/,/,煤气厂,,
JM2(S21),3602.879,7619.7236,6,5.5-6.0,5.5,6,,/,<0.1,<0.1,<0.2,<0.1,<0.1,<0.09,<0.0019,/,/,/,煤气厂,,
JM2(S22),3599.988,7644.9467,0.5,0-0.5,0,0.5,,/,0.8,1,0.7,0.2,0.7,0.13,<0.0019,/,/,/,煤气厂,,
JM2(S22),3599.988,7644.9467,1.5,1.0-1.5,1,1.5,,/,3.2,2,3.1,1,4.8,0.45,<0.0019,/,/,/,煤气厂,,
JM2(S22),3599.988,7644.9467,4,3.5-4.0,3.5,4,,/,<0.1,<0.1,<0.2,<0.1,<0.1,<0.09,<0.0019,/,/,/,煤气厂,,
JM2(S22),3599.988,7644.9467,6,5.5-6.0,5.5,6,,/,<0.1,<0.1,<0.2,<0.1,<0.1,<0.09,<0.0019,/,/,/,煤气厂,,
JM2(S23),3596.922,7699.4084,0.5,0-0.5,0,0.5,,/,0.6,0.6,0.8,0.3,1,21.1,3.48,/,/,41.6,煤气厂,,
JM2(S23),3596.922,7699.4084,1.5,1.0-1.5,1,1.5,,/,0.4,1.1,0.7,0.2,0.5,36.1,2.89,/,/,21.5,煤气厂,,
JM2(S23),3596.922,7699.4084,4,3.5-4.0,3.5,4,,/,<0.1,<0.1,<0.2,<0.1,<0.1,<0.09,1.69,/,/,8.49,煤气厂,,
JM2(S23),3596.922,7699.4084,6,5.5-6.0,5.5,6,,/,<0.1,<0.1,<0.2,<0.1,<0.1,<0.09,0.1,/,/,5.48,煤气厂,,
JM2(S24),3606.8983,7716.5927,0.5,0-0.5,0,0.5,,/,0.2,0.4,0.3,0.1,0.4,1.31,0.1,/,/,529,煤气厂,,
JM2(S24),3606.8983,7716.5927,1.5,1.0-1.5,1,1.5,,/,0.2,0.3,<0.2,<0.1,0.1,10.2,3.45,/,/,791,煤气厂,,
JM2(S24),3606.8983,7716.5927,4,3.5-4.0,3.5,4,,/,0.4,0.8,0.5,0.1,0.3,3.23,3.77,/,/,1021,煤气厂,,
JM2(S24),3606.8983,7716.5927,6,5.5-6.0,5.5,6,,/,<0.1,<0.1,<0.2,<0.1,<0.1,4.47,2.98,/,/,91.4,煤气厂,,
JM2(S24),3606.8983,7716.5927,8,7.5-8.0,7.5,8,,/,/,/,/,/,/,/,/,/,/,6.59,煤气厂,,
JM2(S25),3572.9161,7669.698,0.5,0-0.5,0,0.5,,/,6.4,7.9,5.1,1.8,7.8,5.53,0.26,/,/,19.2,煤气厂,,
JM2(S25),3572.9161,7669.698,1.5,1.0-1.5,1,1.5,,/,0.9,0.7,1,0.4,1.5,19.5,0.55,/,/,34.5,煤气厂,,
JM2(S25),3572.9161,7669.698,4,3.5-4.0,3.5,4,,/,<0.1,<0.1,<0.2,<0.1,<0.1,<0.09,0.02,/,/,6.05,煤气厂,,
JM2(S25),3572.9161,7669.698,6,5.5-6.0,5.5,6,,/,<0.1,<0.1,<0.2,<0.1,<0.1,<0.09,0.07,/,/,6.3,煤气厂,,
JM2(S26),3579.6461,7736.2494,0.5,0-0.5,0,0.5,,/,4.4,3.7,5.1,2.1,9.1,5.93,0.2,/,/,28.7,煤气厂,,
JM2(S26),3579.6461,7736.2494,1.5,1.0-1.5,1,1.5,,/,0.6,0.6,0.7,<0.1,0.9,76.9,8.74,/,/,53,煤气厂,,
JM2(S26),3579.6461,7736.2494,4,3.5-4.0,3.5,4,,/,<0.1,<0.1,<0.2,<0.1,<0.1,<0.09,1.37,/,/,5.41,煤气厂,,
JM2(S27),3583.1367,7787.2827,0.5,0-0.5,0,0.5,,7.87,46.3,56.1,53.2,13.7,49.5,8.29,0.19,<0.0012,8,4.23,煤气厂,,
JM2(S27),3583.1367,7787.2827,1.5,1.0-1.5,1,1.5,,7.81,9.4,14.2,11.4,1.8,4.8,148,1.85,<0.0012,9,8.56,煤气厂,,
JM2(S27),3583.1367,7787.2827,4,3.5-4.0,3.5,4,,7.96,4.29,5.24,5.1,0.57,2.26,124.1,/,<0.0012,70,6.13,煤气厂,,
JM2(S27),3583.1367,7787.2827,6,5.5-6.0,5.5,6,,8.01,<0.1,<0.1,<0.2,<0.1,<0.1,0.67,/,<0.0012,9,12.1,煤气厂,,
JM2(S27),3583.1367,7787.2827,8,7.5-8.0,7.5,8,,/,<0.1,<0.1,<0.2,<0.1,<0.1,<0.09,/,/,/,/,煤气厂,,
JM2(S28),3558.3008,7797.2316,0.5,0-0.5,0,0.5,,/,1.4,3.1,1.9,0.3,0.8,<0.09,0.06,/,/,/,煤气厂,,
JM2(S28),3558.3008,7797.2316,1.5,1.0-1.5,1,1.5,,/,2.9,4.2,2.9,0.4,1.5,0.84,0.05,/,/,/,煤气厂,,
JM2(S28),3558.3008,7797.2316,4,3.5-4.0,3.5,4,,/,<0.1,<0.1,<0.2,<0.1,<0.1,<0.09,/,/,/,/,煤气厂,,
JM2(S29),3533.4093,7726.1549,0.5,0-0.5,0,0.5,,/,0.3,0.3,0.3,<0.1,0.2,0.37,/,/,/,/,煤气厂,,
JM2(S29),3533.4093,7726.1549,1.5,1.0-1.5,1,1.5,,/,0.4,0.5,0.3,0.1,0.3,<0.09,/,/,/,/,煤气厂,,
JM2(S29),3533.4093,7726.1549,4,3.5-4.0,3.5,4,,/,<0.1,<0.1,<0.2,<0.1,<0.1,<0.09,/,/,/,/,煤气厂,,
JM2(S30),3533.0117,7775.3852,0.5,0-0.5,0,0.5,,/,2.5,4.1,3.5,0.6,1.6,<0.09,/,/,/,/,煤气厂,,
JM2(S30),3533.0117,7775.3852,1.5,1.0-1.5,1,1.5,,/,13.8,24.4,14,2.5,7.5,4.49,/,/,/,/,煤气厂,,
JM2(S30),3533.0117,7775.3852,4,3.5-4.0,3.5,4,,/,<0.1,<0.1,<0.2,<0.1,<0.1,<0.09,/,/,/,/,煤气厂,,
JM2(S30),3533.0117,7775.3852,6,5.5-6.0,5.5,6,,/,<0.1,<0.1,<0.2,<0.1,<0.1,<0.09,/,/,/,/,煤气厂,,
JM2(S31),3509.9283,7668.7895,0.5,0-0.5,0,0.5,,/,10.7,9.4,8.4,1.7,11,0.33,/,/,/,/,煤气厂,,
JM2(S31),3509.9283,7668.7895,1.5,1.0-1.5,1,1.5,,/,<0.1,<0.1,<0.2,<0.1,<0.1,0.33,/,/,/,/,煤气厂,,
JM2(S31),3509.9283,7668.7895,4,3.5-4.0,3.5,4,,/,<0.1,<0.1,<0.2,<0.1,<0.1,<0.09,/,/,/,/,煤气厂,,
JM2(S31),3509.9283,7668.7895,6,5.5-6.0,5.5,6,,/,<0.1,<0.1,<0.2,<0.1,<0.1,0.25,/,/,/,/,煤气厂,,
JM2(S32),3501.4974,7685.5971,0.5,0-0.5,0,0.5,,/,1.1,0.9,0.9,0.3,1.1,0.3,/,/,/,/,煤气厂,,
JM2(S32),3501.4974,7685.5971,1.5,1.0-1.5,1,1.5,,/,116,241,93.9,48.1,154,501,/,/,/,/,煤气厂,,
JM2(S32),3501.4974,7685.5971,4,3.5-4.0,3.5,4,,/,<0.1,<0.1,<0.2,<0.1,<0.1,<0.09,/,/,/,/,煤气厂,,
JM2(S32),3501.4974,7685.5971,6,5.5-6.0,5.5,6,,/,<0.1,<0.1,<0.2,<0.1,<0.1,<0.09,/,/,/,/,煤气厂,,
JM2(S33),3506.8903,7739.212,0.5,0-0.5,0,0.5,,/,12.4,10.2,9.9,2,7.7,6.36,/,/,/,/,煤气厂,,
JM2(S33),3506.8903,7739.212,1.5,1.0-1.5,1,1.5,,/,8.2,9.5,6.7,1.2,4.7,22.7,/,/,/,/,煤气厂,,
JM2(S33),3506.8903,7739.212,4,3.5-4.0,3.5,4,,/,<0.1,<0.1,<0.2,<0.1,<0.1,<0.09,/,/,/,/,煤气厂,,
JM2(S34),3516.8411,7827.4924,0.5,0-0.5,0,0.5,,/,0.3,0.3,0.4,<0.1,0.2,<0.09,/,/,/,/,煤气厂,,
JM2(S34),3516.8411,7827.4924,1.5,1.0-1.5,1,1.5,,/,0.6,1.1,1.1,0.2,0.7,1.37,/,/,/,/,煤气厂,,
JM2(S35),3489.4235,7670.1333,0.5,0-0.5,0,0.5,,/,14.1,29.3,21.1,3.1,7,0.82,<0.0019,/,/,/,煤气厂,,
JM2(S35),3489.4235,7670.1333,1.5,1.0-1.5,1,1.5,,/,0.1,0.2,<0.2,<0.1,<0.1,1.01,<0.0019,/,/,/,煤气厂,,
JM2(S35),3489.4235,7670.1333,4,3.5-4.0,3.5,4,,/,<0.1,<0.1,<0.2,<0.1,<0.1,<0.09,<0.0019,/,/,/,煤气厂,,
JM2(S35),3489.4235,7670.1333,6,5.5-6.0,5.5,6,,/,<0.1,<0.1,<0.2,<0.1,<0.1,<0.09,<0.0019,/,/,/,煤气厂,,
JM2(S36),3501.8256,7795.9269,0.5,0-0.5,0,0.5,,/,1.3,1.8,1.7,0.4,0.9,2.66,/,/,/,/,煤气厂,,
JM2(S36),3501.8256,7795.9269,1.5,1.0-1.5,1,1.5,,/,<0.1,<0.1,<0.2,<0.1,<0.1,<0.09,/,/,/,/,煤气厂,,
JM2(S36),3501.8256,7795.9269,4,3.5-4.0,3.5,4,,/,<0.1,<0.1,<0.2,<0.1,<0.1,<0.09,/,/,/,/,煤气厂,,
JM2(S37),3485.5997,7797.096,0.5,0-0.5,0,0.5,,/,14.3,13.8,14.6,2.7,9.2,6.9,/,/,/,/,煤气厂,,
JM2(S37),3485.5997,7797.096,1.5,1.0-1.5,1,1.5,,/,1,1.6,1.1,0.2,0.6,1.8,/,/,/,/,煤气厂,,
JM2(S37),3485.5997,7797.096,4,3.5-4.0,3.5,4,,/,<0.1,<0.1,<0.2,<0.1,<0.1,<0.09,/,/,/,/,煤气厂,,
JM2(S38),3491.0048,7851.0269,0.5,0-0.5,0,0.5,,/,19.5,24.5,14.6,2.9,11.4,38.1,/,/,/,/,煤气厂,,
JM2(S38),3491.0048,7851.0269,1.5,1.0-1.5,1,1.5,,/,0.4,0.6,0.5,<0.1,0.3,0.23,/,/,/,/,煤气厂,,
JM2(S39),3470.9334,7675.025,0.5,0-0.5,0,0.5,,/,1.3,1.9,0.9,0.3,0.8,36,<0.0019,/,/,/,煤气厂,,
JM2(S39),3470.9334,7675.025,1.5,1.0-1.5,1,1.5,,/,0.3,0.5,0.4,<0.1,0.2,1.14,<0.0019,/,/,/,煤气厂,,
JM2(S40),3467.51518,7768.10243,0.5,0-0.5,0,0.5,,/,14.7,22.4,13.3,3.3,12.5,14.2,/,/,/,/,煤气厂,,
JM2(S40),3467.51518,7768.10243,1.5,1.0-1.5,1,1.5,,/,0.3,0.5,0.3,<0.1,0.2,0.17,/,/,/,/,煤气厂,,
JM2(S40),3467.51518,7768.10243,4,3.5-4.0,3.5,4,,/,<0.1,<0.1,<0.2,<0.1,<0.1,<0.09,/,/,/,/,煤气厂,,
JM2(S41),3471.4271,7827.6607,0.5,0-0.5,0,0.5,,/,2.69,3.74,4.24,0.87,2.78,0.28,/,/,/,/,煤气厂,,
JM2(S41),3471.4271,7827.6607,1.5,1.0-1.5,1,1.5,,/,4.86,6.52,5.03,1.24,3.76,0.54,/,/,/,/,煤气厂,,
JM2(S41),3471.4271,7827.6607,4,3.5-4.0,3.5,4,,/,<0.1,<0.1,<0.2,<0.1,<0.1,<0.09,/,/,/,/,煤气厂,,
JM2(S41),3471.4271,7827.6607,6,5.5-6.0,5.5,6,,/,<0.1,<0.1,<0.2,<0.1,<0.1,<0.09,/,/,/,/,煤气厂,,
JM2(S42),3461.4563,7815.0097,0.5,0-0.5,0,0.5,,/,4.43,4.48,4.69,1.12,3.86,5.81,/,/,/,/,煤气厂,,
JM2(S42),3461.4563,7815.0097,1.5,1.0-1.5,1,1.5,,/,1.13,1.27,1.33,0.22,0.84,0.24,/,/,/,/,煤气厂,,
JM2(S43),3442.6227,7696.8734,0.5,0-0.5,0,0.5,,/,9.35,8.9,7.66,2.06,8.52,10.17,0.03,/,/,/,煤气厂,,
JM2(S43),3442.6227,7696.8734,1.5,1.0-1.5,1,1.5,,/,0.23,0.23,<0.2,<0.1,0.18,1.35,0.35,/,/,/,煤气厂,,
JM2(S43),3442.6227,7696.8734,4,3.5-4.0,3.5,4,,/,<0.1,<0.1,<0.2,<0.1,<0.1,<0.09,<0.0019,/,/,/,煤气厂,,
JM2(S44),3446.3761,7727.6026,0.5,0-0.5,0,0.5,,/,160,151,81,33.9,149,58.6,0.11,/,/,/,煤气厂,,
JM2(S44),3446.3761,7727.6026,1.5,1.0-1.5,1,1.5,,/,0.5,0.7,0.4,0.2,0.7,13.1,3.49,/,/,/,煤气厂,,
JM2(S44),3446.3761,7727.6026,4,3.5-4.0,3.5,4,,/,1.1,2,0.9,0.4,1.3,28.3,0.41,/,/,/,煤气厂,,
JM2(S45),3446.00928,7750.33358,0.5,0-0.5,0,0.5,,/,3,3.84,2.61,0.58,2,1.12,/,/,/,/,煤气厂,,
JM2(S45),3446.00928,7750.33358,1.5,1.0-1.5,1,1.5,,/,0.7,0.68,0.48,<0.1,0.45,6.79,/,/,/,/,煤气厂,,
JM2(S45),3446.00928,7750.33358,4,3.5-4.0,3.5,4,,/,<0.1,<0.1,<0.2,<0.1,<0.1,0.25,/,/,/,/,煤气厂,,
JM2(S46),3437.9352,7787.5946,0.5,0-0.5,0,0.5,,/,28.45,31.3,28.5,5.41,20.53,20.38,/,/,/,/,煤气厂,,
JM2(S46),3437.9352,7787.5946,1.5,1.0-1.5,1,1.5,,/,127.35,191.98,105.61,15.38,106.32,309.47,/,/,/,/,煤气厂,,
JM2(S46),3437.9352,7787.5946,4,3.5-4.0,3.5,4,,/,0.49,0.42,0.58,<0.1,0.3,5.94,/,/,/,/,煤气厂,,
JM2(S46),3437.9352,7787.5946,6,5.5-6.0,5.5,6,,/,0.26,0.15,0.27,<0.1,0.17,0.26,/,/,/,/,煤气厂,,
JM2(S46),3437.9352,7787.5946,8,7.5-8.0,7.5,8,,/,<0.1,<0.1,<0.2,<0.1,<0.1,<0.09,/,/,/,/,煤气厂,,
JM2(S47),3417.9307,7714.2904,0.5,0-0.5,0,0.5,,/,65.72,106.74,51.5,8.6,46.81,252.33,/,/,/,/,煤气厂,,
JM2(S47),3417.9307,7714.2904,1.5,1.0-1.5,1,1.5,,/,95.93,100.37,63.1,12.71,58.45,3183.44,/,/,/,/,煤气厂,,
JM2(S47),3417.9307,7714.2904,4,3.5-4.0,3.5,4,,/,0.31,0.3,0.24,<0.1,0.19,20.17,/,/,/,/,煤气厂,,
JM2(S48),3413.8471,7762.8325,0.5,0-0.5,0,0.5,,/,<0.1,<0.1,<0.2,<0.1,<0.1,0.37,/,/,/,/,煤气厂,,
JM2(S48),3413.8471,7762.8325,1.5,1.0-1.5,1,1.5,,/,0.23,0.27,<0.2,<0.1,0.18,2.13,/,/,/,/,煤气厂,,
JM2(S48),3413.8471,7762.8325,4,3.5-4.0,3.5,4,,/,<0.1,<0.1,<0.2,<0.1,<0.1,<0.09,/,/,/,/,煤气厂,,
JM2(S49),3402.0402,7710.8765,0.5,0-0.5,0,0.5,,/,0.14,0.22,<0.2,<0.1,<0.1,0.64,/,/,/,/,煤气厂,,
JM2(S49),3402.0402,7710.8765,1.5,1.0-1.5,1,1.5,,/,<0.1,<0.1,<0.2,<0.1,<0.1,<0.09,/,/,/,/,煤气厂,,
JM2(S49),3402.0402,7710.8765,4,3.5-4.0,3.5,4,,/,<0.1,<0.1,<0.2,<0.1,<0.1,<0.09,/,/,/,/,煤气厂,,
JM2(S50),3390.7531,7732.6282,0.5,0-0.5,0,0.5,,/,<0.1,<0.1,<0.2,<0.1,<0.1,<0.09,/,/,/,/,煤气厂,,
JM2(S50),3390.7531,7732.6282,1.5,1.0-1.5,1,1.5,,/,<0.1,<0.1,<0.2,<0.1,<0.1,2.52,/,/,/,/,煤气厂,,
JM2(S50),3390.7531,7732.6282,4,3.5-4.0,3.5,4,,/,<0.1,<0.1,<0.2,<0.1,<0.1,<0.09,/,/,/,/,煤气厂,,
JM2(S51),3621.1383,7766.8157,0.5,0-0.5,0,0.5,,/,6.1,5.8,6.8,2.8,12.1,62.7,0.94,/,684,22.1,煤气厂,,
JM2(S51),3621.1383,7766.8157,1.5,1.0-1.5,1,1.5,,/,163,167,129,28.4,143,4580,15,/,20382,159,煤气厂,,
JM2(S51),3621.1383,7766.8157,4,3.5-4.0,3.5,4,,/,0.6,1.7,0.7,0.2,1,52.8,2.02,/,300,9.81,煤气厂,,
JM2(S51),3621.1383,7766.8157,6,5.5-6.0,5.5,6,,/,<0.1,<0.1,<0.2,<0.1,<0.1,0.65,0.14,/,30,5.22,煤气厂,,
JM3(S1),3692.9413,7660.5129,0.5,0-0.5,0,0.5,,/,<0.1,<0.1,<0.2,<0.1,<0.1,<0.09,/,/,/,/,煤气厂,,
JM3(S1),3692.9413,7660.5129,1.5,1.0-1.5,1,1.5,,/,<0.1,<0.1,<0.2,<0.1,<0.1,<0.09,/,/,/,/,煤气厂,,
JM3(S2),3615.5569,7605.1732,0.5,0-0.5,0,0.5,,/,<0.1,<0.1,<0.2,<0.1,<0.1,<0.09,/,/,/,/,煤气厂,,
JM3(S2),3615.5569,7605.1732,1.5,1.0-1.5,1,1.5,,/,<0.1,<0.1,<0.2,<0.1,<0.1,<0.09,/,/,/,/,煤气厂,,
JM3(S3),3589.1536,7630.3015,0.5,0-0.5,0,0.5,,/,<0.1,<0.1,<0.2,<0.1,<0.1,<0.09,/,/,/,/,煤气厂,,
JM3(S3),3589.1536,7630.3015,1.5,1.0-1.5,1,1.5,,/,<0.1,<0.1,<0.2,<0.1,<0.1,<0.09,/,/,/,/,煤气厂,,
JM3(S4),3514.1199,7653.0844,0.5,0-0.5,0,0.5,,/,<0.1,<0.1,<0.2,<0.1,<0.1,<0.09,/,/,/,/,煤气厂,,
JM3(S4),3514.1199,7653.0844,1.5,1.0-1.5,1,1.5,,/,<0.1,<0.1,<0.2,<0.1,<0.1,<0.09,/,/,/,/,煤气厂,,
JM3(S5),3481.6577,7658.9091,0.5,0-0.5,0,0.5,,/,<0.1,<0.1,<0.2,<0.1,<0.1,<0.09,/,/,/,/,煤气厂,,
JM3(S5),3481.6577,7658.9091,1.5,1.0-1.5,1,1.5,,/,<0.1,<0.1,<0.2,<0.1,<0.1,<0.09,/,/,/,/,煤气厂,,
JM3(S6),3433.5361,7682.6922,0.5,0-0.5,0,0.5,,/,<0.1,<0.1,<0.2,<0.1,<0.1,<0.09,/,/,/,/,煤气厂,,
JM3(S6),3433.5361,7682.6922,1.5,1.0-1.5,1,1.5,,/,<0.1,<0.1,<0.2,<0.1,<0.1,<0.09,/,/,/,/,煤气厂,,
JM3(S7),3426.2721,7775.4638,0.5,0-0.5,0,0.5,,/,226,244,185,52.9,125,528,/,/,/,/,煤气厂,,
JM3(S7),3426.2721,7775.4638,1.5,1.0-1.5,1,1.5,,/,11,11.5,9.1,1.4,7.5,43.6,/,/,/,/,煤气厂,,
JM3(S7),3426.2721,7775.4638,4,3.5-4.0,3.5,4,,/,0.2,0.2,<0.2,<0.1,<0.1,0.69,/,/,/,/,煤气厂,,
JM3(S7),3426.2721,7775.4638,6,5.5-6.0,5.5,6,,/,<0.1,<0.1,<0.2,<0.1,<0.1,0.32,/,/,/,/,煤气厂,,
JM3(S8),3546.4672,7806.8301,0.5,0-0.5,0,0.5,,/,1.1,1.3,1.3,0.2,0.7,0.28,/,/,/,/,煤气厂,,
JM3(S8),3546.4672,7806.8301,1.5,1.0-1.5,1,1.5,,/,1.8,2.4,2.7,0.4,1.1,10.2,/,/,/,/,煤气厂,,
JM3(S8),3546.4672,7806.8301,4,3.5-4.0,3.5,4,,/,<0.1,<0.1,<0.2,<0.1,<0.1,0.52,/,/,/,/,煤气厂,,
JM3(S8),3546.4672,7806.8301,6,5.5-6.0,5.5,6,,/,<0.1,<0.1,<0.2,<0.1,<0.1,<0.09,/,/,/,/,煤气厂,,
JM3(S9),3552.5603,7820.9599,0.5,0-0.5,0,0.5,,/,0.9,1.1,1,0.2,0.5,0.27,/,/,/,/,煤气厂,,
JM3(S9),3552.5603,7820.9599,1.5,1.0-1.5,1,1.5,,/,1,2.2,0.8,0.2,0.3,22.9,/,/,/,/,煤气厂,,
JM3(S9),3552.5603,7820.9599,4,3.5-4.0,3.5,4,,/,<0.1,<0.1,<0.2,<0.1,<0.1,0.84,/,/,/,/,煤气厂,,
JM3(S9),3552.5603,7820.9599,6,5.5-6.0,5.5,6,,/,<0.1,<0.1,<0.2,<0.1,<0.1,5.11,/,/,/,/,煤气厂,,
JM3(S10),3564.9968,7811.037,0.5,0-0.5,0,0.5,,/,4.1,2.9,5.8,1,3.4,0.87,/,/,/,/,煤气厂,,
JM3(S10),3564.9968,7811.037,1.5,1.0-1.5,1,1.5,,/,1.1,1.1,1.1,0.2,0.7,1.57,/,/,/,/,煤气厂,,
JM3(S10),3564.9968,7811.037,4,3.5-4.0,3.5,4,,/,<0.1,<0.1,<0.2,<0.1,<0.1,<0.09,/,/,/,/,煤气厂,,
JM3(S10),3564.9968,7811.037,6,5.5-6.0,5.5,6,,/,<0.1,<0.1,<0.2,<0.1,<0.1,<0.09,/,/,/,/,煤气厂,,
JM3(S11),3577.89,7800.1849,0.5,0-0.5,0,0.5,,/,30.2,25,37,6.4,21.3,9.68,/,/,/,/,煤气厂,,
JM3(S11),3577.89,7800.1849,1.5,1.0-1.5,1,1.5,,/,3,6.1,4.2,0.6,1.7,48.8,/,/,/,/,煤气厂,,
JM3(S11),3577.89,7800.1849,4,3.5-4.0,3.5,4,,/,0.8,1,1,0.1,0.4,7.68,/,/,/,/,煤气厂,,
JM3(S11),3577.89,7800.1849,6,5.5-6.0,5.5,6,,/,<0.1,<0.1,<0.2,<0.1,<0.1,<0.09,/,/,/,/,煤气厂,,
JM3(S12),3597.3378,7786.5279,0.5,0-0.5,0,0.5,,/,93.2,82,130,26.2,60.4,17.8,0.28,/,/,18.4,煤气厂,,
JM3(S12),3597.3378,7786.5279,1.5,1.0-1.5,1,1.5,,/,7.05,9.46,7.63,1.37,4.65,186.26,2.49,/,/,9.46,煤气厂,,
JM3(S12),3597.3378,7786.5279,4,3.5-4.0,3.5,4,,/,1.18,1.58,1.6,0.24,0.77,21.74,5.57,/,/,6.23,煤气厂,,
JM3(S12),3597.3378,7786.5279,6,5.5-6.0,5.5,6,,/,<0.1,<0.1,<0.2,<0.1,<0.1,0.33,0.08,/,/,4.82,煤气厂,,
JM3(S13),3601.2534,7766.471,0.5,0-0.5,0,0.5,,/,7.83,5.78,9.85,1.25,4.81,22.81,0.59,/,/,18.7,煤气厂,,
JM3(S13),3601.2534,7766.471,1.5,1.0-1.5,1,1.5,,/,16.04,6.92,23.57,3.31,11.72,5.56,0.53,/,/,15.4,煤气厂,,
JM3(S13),3601.2534,7766.471,4,3.5-4.0,3.5,4,,/,0.21,0.25,0.24,<0.1,<0.1,0.73,0.14,/,/,5.42,煤气厂,,
JM3(S13),3601.2534,7766.471,6,5.5-6.0,5.5,6,,/,0.3,0.3,0.4,<0.1,0.2,<0.09,<0.0019,/,/,5.76,煤气厂,,
JM3(S14),3608.376,7777.6663,0.5,0-0.5,0,0.5,,/,12.74,5.81,20.29,2.95,10.18,4,<0.0019,/,1622,14.9,煤气厂,,
JM3(S14),3608.376,7777.6663,1.5,1.0-1.5,1,1.5,,/,20.15,21.6,22.47,3.7,10.67,283.46,<0.0019,/,2388,5.81,煤气厂,,
JM3(S14),3608.376,7777.6663,4,3.5-4.0,3.5,4,,/,22.69,28.07,26.35,3.82,10.83,570.13,<0.0019,/,2539,4.61,煤气厂,,
JM3(S14),3608.376,7777.6663,6,5.5-6.0,5.5,6,,/,<0.1,<0.1,<0.2,<0.1,<0.1,0.32,<0.0019,/,30,4.36,煤气厂,,
JM4(S1),3661.2607,7734.8186,0.5,0-0.5,0,0.5,,/,<0.1,<0.1,<0.2,<0.1,<0.1,<0.09,/,/,/,/,煤气厂,,
JM4(S1),3661.2607,7734.8186,1.5,1.0-1.5,1,1.5,,/,<0.1,<0.1,<0.2,<0.1,<0.1,<0.09,/,/,/,/,煤气厂,,
JM4(S2),3640.586,7733.394,0.5,0-0.5,0,0.5,,/,0.2,0.24,<0.2,<0.1,0.11,<0.09,/,/,/,/,煤气厂,,
JM4(S2),3640.586,7733.394,1.5,1.0-1.5,1,1.5,,/,<0.1,<0.1,<0.2,<0.1,<0.1,<0.09,/,/,/,/,煤气厂,,
JM5(S1),3755.9862,7648.169,0.5,0-0.5,0,0.5,,7.72,<0.1,<0.1,<0.2,<0.1,<0.1,<0.09,<0.0019,<0.0012,7,5.83,煤气厂,,
JM5(S1),3755.9862,7648.169,1.5,1.0-1.5,1,1.5,,8.01,<0.1,<0.1,<0.2,<0.1,<0.1,<0.09,<0.0019,<0.0012,<6,3.75,煤气厂,,
JM5(S1),3755.9862,7648.169,4,3.5-4.0,3.5,4,,8.12,<0.1,<0.1,<0.2,<0.1,<0.1,<0.09,<0.0019,<0.0012,<6,9.91,煤气厂,,
JM5(S1),3755.9862,7648.169,6,5.5-6.0,5.5,6,,7.94,<0.1,<0.1,<0.2,<0.1,<0.1,<0.09,<0.0019,<0.0012,<6,8.36,煤气厂,,
JM5(S2),3709.8335,7686.3573,0.5,0-0.5,0,0.5,,7.92,<0.1,<0.1,<0.2,<0.1,<0.1,<0.09,<0.0019,<0.0012,<6,3.15,煤气厂,,
JM5(S2),3709.8335,7686.3573,1.5,1.0-1.5,1,1.5,,8,<0.1,<0.1,<0.2,<0.1,<0.1,<0.09,<0.0019,<0.0012,8,4.7,煤气厂,,
JM5(S2),3709.8335,7686.3573,4,3.5-4.0,3.5,4,,7.73,<0.1,<0.1,<0.2,<0.1,<0.1,<0.09,<0.0019,<0.0012,9,6.7,煤气厂,,
JM5(S2),3709.8335,7686.3573,6,5.5-6.0,5.5,6,,8.06,<0.1,<0.1,<0.2,<0.1,<0.1,<0.09,<0.0019,<0.0012,7,6.37,煤气厂,,
JM5(S3),3382.8353,7714.161,0.5,0-0.5,0,0.5,,8.08,<0.1,<0.1,<0.2,<0.1,<0.1,<0.09,<0.0019,<0.0012,9,4.66,煤气厂,,
JM5(S3),3382.8353,7714.161,1.5,1.0-1.5,1,1.5,,7.89,<0.1,<0.1,<0.2,<0.1,<0.1,<0.09,<0.0019,<0.0012,7,16.9,煤气厂,,
JM5(S3),3382.8353,7714.161,4,3.5-4.0,3.5,4,,7.87,<0.1,<0.1,<0.2,<0.1,<0.1,<0.09,<0.0019,<0.0012,9,12.7,煤气厂,,
JM5(S3),3382.8353,7714.161,6,5.5-6.0,5.5,6,,7.98,<0.1,<0.1,<0.2,<0.1,<0.1,<0.09,<0.0019,<0.0012,8,9.26,煤气厂,,
